ParentLocation,Location,Period,FactValueNumeric
Americas,Costa Rica,2019,11
Europe,United Kingdom of Great Britain and Northern Ireland,2019,24.6
Americas,Canada,2019,25.2
Western Pacific,New Zealand,2019,25.7
Europe,Denmark,2019,26
Europe,Iceland,2019,28.3
Europe,Luxembourg,2019,42.6
Europe,Belgium,2019,55.8
Americas,Costa Rica,2018,11.1
Western Pacific,Republic of Korea,2018,124.3
Western Pacific,Japan,2018,129.8
Americas,Colombia,2018,17.1
Americas,Chile,2018,20.6
Europe,Sweden,2018,21.4
Europe,Denmark,2018,24.3
Europe,United Kingdom of Great Britain and Northern Ireland,2018,25
Americas,Canada,2018,25.5
Western Pacific,New Zealand,2018,26.2
Europe,Turkey,2018,28.5
Europe,Iceland,2018,28.7
Europe,Ireland,2018,29.7
Europe,Spain,2018,29.7
Europe,Israel,2018,29.8
Europe,Italy,2018,31.4
Europe,Netherlands,2018,31.7
Europe,Portugal,2018,34.5
Europe,Norway,2018,35.3
Europe,Finland,2018,36.1
Europe,Greece,2018,42
Europe,Slovenia,2018,44.3
Europe,Luxembourg,2018,45.1
Europe,Estonia,2018,45.7
Europe,Switzerland,2018,46.3
Europe,Latvia,2018,54.9
Europe,Belgium,2018,56.2
Europe,Slovakia,2018,57
Europe,France,2018,59.1
Europe,Lithuania,2018,64.3
Europe,Poland,2018,65.4
Europe,Czechia,2018,66.2
Europe,Hungary,2018,70.1
Europe,Russian Federation,2018,71.2
Europe,Austria,2018,72.7
Americas,Mexico,2018,9.8
Eastern Mediterranean,Morocco,2017,10
Americas,Belize,2017,10.36
South-East Asia,Indonesia,2017,10.4
South-East Asia,Myanmar,2017,10.44
Americas,Costa Rica,2017,11.4
Americas,El Salvador,2017,11.99
Eastern Mediterranean,Qatar,2017,12.5
Americas,Bolivia (Plurinational State of),2017,12.93
Americas,Saint Lucia,2017,12.97
Western Pacific,Republic of Korea,2017,122.7
Eastern Mediterranean,Iraq,2017,13.2
Eastern Mediterranean,United Arab Emirates,2017,13.8
Western Pacific,Japan,2017,130.5
Eastern Mediterranean,Djibouti,2017,14
Eastern Mediterranean,Syrian Arab Republic,2017,14
Eastern Mediterranean,Egypt,2017,14.3
Eastern Mediterranean,Jordan,2017,14.7
Eastern Mediterranean,Oman,2017,14.7
Americas,Dominican Republic,2017,15.56
Eastern Mediterranean,Iran (Islamic Republic of),2017,15.6
Americas,Peru,2017,15.91
Americas,Colombia,2017,17
Americas,Jamaica,2017,17.17
Eastern Mediterranean,Bahrain,2017,17.4
Western Pacific,Malaysia,2017,18.77
Eastern Mediterranean,Kuwait,2017,20.4
Americas,Brazil,2017,20.87
Americas,Chile,2017,21.1
Eastern Mediterranean,Tunisia,2017,21.8
Europe,Sweden,2017,22.1
Eastern Mediterranean,Saudi Arabia,2017,22.4
Americas,Uruguay,2017,24.25
Western Pacific,Singapore,2017,24.86
Americas,Canada,2017,25.3
Europe,United Kingdom of Great Britain and Northern Ireland,2017,25.4
Europe,Denmark,2017,26.1
Eastern Mediterranean,Lebanon,2017,27.3
Western Pacific,New Zealand,2017,27.3
Europe,Türkiye,2017,28.1
Western Pacific,Brunei Darussalam,2017,28.5
Americas,United States of America,2017,28.7
Americas,Antigua and Barbuda,2017,28.92
Americas,Bahamas,2017,29.57
Europe,Ireland,2017,29.7
Europe,Spain,2017,29.7
Eastern Mediterranean,Afghanistan,2017,3.9
Africa,Niger,2017,3.9
Americas,Suriname,2017,30.01
Europe,Israel,2017,30.2
Americas,Trinidad and Tobago,2017,30.24
Europe,Iceland,2017,30.6
Europe,Italy,2017,31.8
Eastern Mediterranean,Libya,2017,32
Europe,Finland,2017,32.8
Europe,Netherlands,2017,32.8
Europe,Portugal,2017,33.9
Europe,Cyprus,2017,34
Americas,Grenada,2017,35.71
Europe,Norway,2017,36
Europe,Montenegro,2017,38.61
Americas,Guatemala,2017,4.41
South-East Asia,Sri Lanka,2017,41.5
Europe,Greece,2017,42.1
Europe,The former Yugoslav Republic of Macedonia,2017,42.8
Western Pacific,China,2017,43.1
Europe,Malta,2017,44.85
Europe,Slovenia,2017,45
Europe,Switzerland,2017,46.5
Europe,Luxembourg,2017,46.6
Europe,Estonia,2017,46.9
Americas,Argentina,2017,49.92
South-East Asia,India,2017,5.3
Americas,Cuba,2017,53.31
Europe,Croatia,2017,55.4
Europe,Latvia,2017,55.7
Europe,Serbia,2017,56.09
Europe,Belgium,2017,56.6
Europe,Slovakia,2017,58.2
Americas,Barbados,2017,59.67
Europe,France,2017,59.8
Eastern Mediterranean,Pakistan,2017,6.3
Americas,Honduras,2017,6.43
Europe,Lithuania,2017,65.6
Europe,Poland,2017,66.2
Europe,Czechia,2017,66.3
Europe,Romania,2017,68.92
Eastern Mediterranean,Yemen,2017,7.1
Eastern Mediterranean,Sudan,2017,7.4
Europe,Hungary,2017,70.2
Europe,Austria,2017,73.7
Europe,Bulgaria,2017,74.54
Eastern Mediterranean,Somalia,2017,8.7
Americas,Venezuela (Bolivarian Republic of),2017,8.71
Europe,Germany,2017,80
Western Pacific,Mongolia,2017,80
Europe,Russian Federation,2017,80.5
Americas,Nicaragua,2017,9.3
Americas,Mexico,2017,9.9
Americas,Mexico,2016,10
South-East Asia,Myanmar,2016,10.4
Americas,El Salvador,2016,10.57
Eastern Mediterranean,Morocco,2016,11
Americas,Costa Rica,2016,11.5
Western Pacific,Republic of Korea,2016,119.8
Eastern Mediterranean,Qatar,2016,12
Americas,Belize,2016,12.15
Americas,Bolivia (Plurinational State of),2016,12.66
Eastern Mediterranean,Iraq,2016,13
Eastern Mediterranean,United Arab Emirates,2016,13.6
Americas,Ecuador,2016,13.93
Western Pacific,Japan,2016,131.1
Eastern Mediterranean,Djibouti,2016,14
Eastern Mediterranean,Jordan,2016,14
Eastern Mediterranean,Egypt,2016,14.3
Americas,Dominican Republic,2016,14.37
Eastern Mediterranean,Syrian Arab Republic,2016,14.6
Eastern Mediterranean,Oman,2016,14.9
Americas,Peru,2016,15.92
Western Pacific,Malaysia,2016,16.19
Americas,Colombia,2016,16.8
Eastern Mediterranean,Iran (Islamic Republic of),2016,17
Americas,Guyana,2016,17.15
Americas,Jamaica,2016,17.82
Western Pacific,Kiribati,2016,18.6
Eastern Mediterranean,Bahrain,2016,18.9
Western Pacific,Fiji,2016,19.98
Americas,Guatemala,2016,2.56
Eastern Mediterranean,Kuwait,2016,20.4
Americas,Brazil,2016,21.13
Americas,Chile,2016,21.2
Eastern Mediterranean,Tunisia,2016,21.8
Eastern Mediterranean,Saudi Arabia,2016,22.3
Americas,Panama,2016,22.54
Europe,Sweden,2016,23.4
Americas,Uruguay,2016,24.83
Western Pacific,Singapore,2016,24.84
Europe,United Kingdom of Great Britain and Northern Ireland,2016,25.7
Americas,Canada,2016,26
Europe,Denmark,2016,26
Eastern Mediterranean,Lebanon,2016,27.3
Western Pacific,New Zealand,2016,27.4
Europe,Türkiye,2016,27.5
Western Pacific,Brunei Darussalam,2016,27.56
Americas,United States of America,2016,27.7
Europe,Ireland,2016,29.6
Europe,Spain,2016,29.7
Europe,Israel,2016,29.9
Africa,Ethiopia,2016,3.3
Americas,Antigua and Barbuda,2016,30.11
Americas,Trinidad and Tobago,2016,30.33
Europe,Iceland,2016,31.3
Europe,Italy,2016,31.7
Europe,Portugal,2016,33.9
Europe,Netherlands,2016,34.1
Europe,Cyprus,2016,34.27
Americas,Grenada,2016,35.78
Europe,Norway,2016,36.8
Eastern Mediterranean,Libya,2016,37
Western Pacific,Australia,2016,38.4
Europe,Montenegro,2016,39.31
Europe,Finland,2016,39.7
South-East Asia,India,2016,4.8
Western Pacific,China,2016,40.2
Europe,Greece,2016,42
Americas,Saint Vincent and the Grenadines,2016,43.23
Europe,The former Yugoslav Republic of Macedonia,2016,43.71
Europe,Slovenia,2016,44.9
Europe,Malta,2016,46.71
Europe,Switzerland,2016,46.9
Europe,Estonia,2016,47.6
Europe,Luxembourg,2016,48.1
Americas,Argentina,2016,49.48
Eastern Mediterranean,Afghanistan,2016,5
Americas,Cuba,2016,53.19
Europe,Croatia,2016,54.93
Europe,Serbia,2016,55.9
Europe,Latvia,2016,57.2
Europe,Belgium,2016,57.6
Europe,Slovakia,2016,57.8
Americas,Barbados,2016,58.91
Eastern Mediterranean,Pakistan,2016,6.3
Americas,Honduras,2016,6.43
Europe,France,2016,60.6
Europe,Poland,2016,66.4
Europe,Czechia,2016,66.6
Europe,Lithuania,2016,66.9
Eastern Mediterranean,Sudan,2016,67.4
Europe,Romania,2016,68.4
Eastern Mediterranean,Yemen,2016,7.1
South-East Asia,Bangladesh,2016,7.95
Europe,Hungary,2016,70
Western Pacific,Mongolia,2016,70
Europe,Bulgaria,2016,72.7
Europe,Austria,2016,74.2
Americas,Paraguay,2016,8.28
Americas,Venezuela (Bolivarian Republic of),2016,8.59
Eastern Mediterranean,Somalia,2016,8.7
Europe,Germany,2016,80.6
Europe,Russian Federation,2016,81.6
Western Pacific,Cambodia,2016,9
Americas,Nicaragua,2016,9.26
South-East Asia,Indonesia,2016,9.9
Americas,Mexico,2015,10
Americas,El Salvador,2015,10.18
Eastern Mediterranean,Morocco,2015,11
Eastern Mediterranean,United Arab Emirates,2015,11
Americas,Bolivia (Plurinational State of),2015,11.25
Americas,Costa Rica,2015,11.6
Western Pacific,Republic of Korea,2015,116.1
Eastern Mediterranean,Qatar,2015,12
Eastern Mediterranean,Iraq,2015,13.8
Eastern Mediterranean,Jordan,2015,13.8
Western Pacific,Japan,2015,131.7
Eastern Mediterranean,Djibouti,2015,14
Americas,Saint Lucia,2015,14.11
Eastern Mediterranean,Syrian Arab Republic,2015,14.7
Eastern Mediterranean,Iran (Islamic Republic of),2015,15
Americas,Peru,2015,15.49
Eastern Mediterranean,Egypt,2015,15.6
Eastern Mediterranean,Oman,2015,15.6
Americas,Ecuador,2015,15.75
Americas,Dominican Republic,2015,15.8
Americas,Colombia,2015,16.1
Americas,Jamaica,2015,16.94
Western Pacific,Malaysia,2015,18.6
Western Pacific,Fiji,2015,18.68
Africa,Algeria,2015,19
Eastern Mediterranean,Bahrain,2015,19.5
Eastern Mediterranean,Kuwait,2015,20.4
Americas,Chile,2015,21.4
Americas,Brazil,2015,21.45
Eastern Mediterranean,Tunisia,2015,21.8
Eastern Mediterranean,Saudi Arabia,2015,22
Americas,Panama,2015,22.85
Western Pacific,Singapore,2015,23.95
Americas,Uruguay,2015,24.34
Europe,Sweden,2015,24.4
Europe,Denmark,2015,25.3
Europe,United Kingdom of Great Britain and Northern Ireland,2015,26.1
Americas,Canada,2015,26.2
Europe,Türkiye,2015,26.8
Western Pacific,New Zealand,2015,27.2
Western Pacific,Brunei Darussalam,2015,27.7
Americas,United States of America,2015,28
Americas,Bahamas,2015,28.33
Europe,Ireland,2015,29.2
Europe,Spain,2015,29.8
Africa,Niger,2015,3.1
Americas,Trinidad and Tobago,2015,30.1
Europe,Israel,2015,30.3
Americas,Suriname,2015,30.46
Europe,Iceland,2015,31.2
Europe,Italy,2015,32
Eastern Mediterranean,Lebanon,2015,33.7
Europe,Portugal,2015,33.7
Europe,Cyprus,2015,34.15
Europe,Netherlands,2015,34.9
Americas,Antigua and Barbuda,2015,36.13
Eastern Mediterranean,Libya,2015,37
Europe,Norway,2015,37.6
Americas,Grenada,2015,37.82
Western Pacific,China,2015,37.9
Western Pacific,Australia,2015,38.2
Europe,Montenegro,2015,39.32
Europe,Greece,2015,42.5
Americas,Saint Vincent and the Grenadines,2015,43.3
Europe,Finland,2015,43.5
Europe,The former Yugoslav Republic of Macedonia,2015,43.88
Europe,Slovenia,2015,45.1
Europe,Malta,2015,45.86
Europe,Switzerland,2015,47.3
Europe,Luxembourg,2015,49.3
Americas,Argentina,2015,49.55
Europe,Estonia,2015,49.6
Eastern Mediterranean,Afghanistan,2015,5
South-East Asia,India,2015,5.8
Americas,Guatemala,2015,5.83
Americas,Cuba,2015,52.4
Europe,Croatia,2015,55.63
Europe,Serbia,2015,55.8
Europe,Latvia,2015,56.9
Europe,Slovakia,2015,57.5
Europe,Belgium,2015,58.3
Americas,Barbados,2015,58.97
Eastern Mediterranean,Pakistan,2015,6
Americas,Honduras,2015,6.64
Eastern Mediterranean,Sudan,2015,6.7
Europe,France,2015,61.3
Europe,Poland,2015,66.3
Europe,Czechia,2015,66.7
Europe,Romania,2015,67.91
Europe,Lithuania,2015,69.7
Europe,Hungary,2015,69.9
Eastern Mediterranean,Yemen,2015,7.1
Americas,Venezuela (Bolivarian Republic of),2015,7.32
South-East Asia,Bangladesh,2015,7.7
Americas,Paraguay,2015,7.84
Western Pacific,Mongolia,2015,70
Europe,Bulgaria,2015,72.35
Europe,Austria,2015,75.4
Western Pacific,Cambodia,2015,8
Eastern Mediterranean,Somalia,2015,8.7
Europe,Germany,2015,81.3
Europe,Russian Federation,2015,83.5
Americas,Nicaragua,2015,9.31
South-East Asia,Indonesia,2015,9.8
Eastern Mediterranean,United Arab Emirates,2014,0.12
Americas,Mexico,2014,10.3
Europe,Belarus,2014,108.3
Eastern Mediterranean,Morocco,2014,11
Americas,Bolivia (Plurinational State of),2014,11.48
Americas,Costa Rica,2014,11.7
Western Pacific,Republic of Korea,2014,115.9
Eastern Mediterranean,Qatar,2014,12
Americas,Belize,2014,12.68
Americas,El Salvador,2014,13.52
Eastern Mediterranean,Iraq,2014,13.8
Western Pacific,Japan,2014,132.1
Eastern Mediterranean,Djibouti,2014,14
Eastern Mediterranean,Iran (Islamic Republic of),2014,15
Eastern Mediterranean,Syrian Arab Republic,2014,15
Americas,Ecuador,2014,15.49
Americas,Peru,2014,15.59
Eastern Mediterranean,Egypt,2014,15.6
Eastern Mediterranean,Oman,2014,15.8
Americas,Colombia,2014,15.9
Americas,Guyana,2014,17.2
Americas,Dominican Republic,2014,17.9
Western Pacific,Fiji,2014,18.5
Eastern Mediterranean,Jordan,2014,18.9
Eastern Mediterranean,Bahrain,2014,20.3
Eastern Mediterranean,Kuwait,2014,20.4
Americas,Chile,2014,21.2
Eastern Mediterranean,Tunisia,2014,21.8
Americas,Brazil,2014,22.16
Americas,Panama,2014,22.41
Western Pacific,Singapore,2014,22.45
Americas,Saint Vincent and the Grenadines,2014,24.05
Americas,Uruguay,2014,24.2
Western Pacific,Brunei Darussalam,2014,24.25
Europe,Sweden,2014,25.4
Europe,Ireland,2014,25.7
Eastern Mediterranean,Saudi Arabia,2014,26.5
Americas,Canada,2014,26.7
Europe,Türkiye,2014,26.8
Europe,Denmark,2014,26.9
Europe,United Kingdom of Great Britain and Northern Ireland,2014,27.3
Western Pacific,New Zealand,2014,27.6
Americas,Bahamas,2014,27.63
Americas,United States of America,2014,28.3
Eastern Mediterranean,Lebanon,2014,28.5
Europe,Georgia,2014,28.94
Europe,Spain,2014,29.7
Americas,Trinidad and Tobago,2014,29.89
Europe,Israel,2014,30.8
Europe,Iceland,2014,31.6
Europe,Italy,2014,32.1
Europe,Portugal,2014,33.2
Europe,Cyprus,2014,34.16
Europe,Bosnia and Herzegovina,2014,34.93
Americas,Antigua and Barbuda,2014,35.5
Western Pacific,China,2014,35.5
Eastern Mediterranean,Libya,2014,37
Western Pacific,Australia,2014,37.9
Americas,Grenada,2014,37.98
Europe,Norway,2014,38.4
Europe,Montenegro,2014,39.34
Europe,Uzbekistan,2014,39.78
Europe,Turkmenistan,2014,40.28
Europe,Armenia,2014,41.63
Europe,Greece,2014,42.4
Europe,The former Yugoslav Republic of Macedonia,2014,43.96
Europe,Kyrgyzstan,2014,44.13
Europe,Finland,2014,45.3
Europe,Slovenia,2014,45.4
Europe,Malta,2014,45.89
Europe,Tajikistan,2014,46.67
Europe,Switzerland,2014,47.3
Europe,Azerbaijan,2014,48.22
Americas,Argentina,2014,48.43
Eastern Mediterranean,Afghanistan,2014,5
South-East Asia,India,2014,5.2
Europe,Estonia,2014,50.1
Europe,Luxembourg,2014,50.5
Americas,Cuba,2014,51.57
Europe,Serbia,2014,55.25
Europe,Latvia,2014,56.6
Europe,Republic of Moldova,2014,56.61
Europe,Slovakia,2014,57.9
Europe,Belgium,2014,58.5
Europe,Croatia,2014,59.1
Americas,Barbados,2014,59.25
South-East Asia,Bangladesh,2014,6
Eastern Mediterranean,Pakistan,2014,6
Americas,Guatemala,2014,6.15
Americas,Honduras,2014,6.32
Europe,Kazakhstan,2014,60.57
Europe,France,2014,62
Europe,Poland,2014,66.3
Europe,Czechia,2014,66.8
Europe,Romania,2014,67.12
Europe,Hungary,2014,69.8
Eastern Mediterranean,Yemen,2014,7.1
Americas,Venezuela (Bolivarian Republic of),2014,7.8
Africa,Burundi,2014,7.9
Europe,Bulgaria,2014,71.3
Europe,Lithuania,2014,72.6
Europe,Ukraine,2014,74.63
Europe,Austria,2014,75.8
Americas,Paraguay,2014,8.28
Eastern Mediterranean,Somalia,2014,8.7
Eastern Mediterranean,Sudan,2014,80.1
Europe,Germany,2014,82.3
Europe,Russian Federation,2014,88.1
Americas,Nicaragua,2014,9.29
South-East Asia,Indonesia,2014,9.4
Western Pacific,Philippines,2014,9.9
Americas,Mexico,2013,10.3
Americas,El Salvador,2013,10.73
Western Pacific,Republic of Korea,2013,109.2
Americas,Bolivia (Plurinational State of),2013,11.18
Eastern Mediterranean,United Arab Emirates,2013,11.5
Americas,Costa Rica,2013,11.8
Americas,Saint Lucia,2013,11.96
Europe,Belarus,2013,110.5
Eastern Mediterranean,Iraq,2013,13
Western Pacific,Japan,2013,133
Eastern Mediterranean,Qatar,2013,14
Eastern Mediterranean,Djibouti,2013,14.2
Eastern Mediterranean,Iran (Islamic Republic of),2013,15
Americas,Ecuador,2013,15.11
Americas,Peru,2013,15.11
Eastern Mediterranean,Syrian Arab Republic,2013,15.2
Americas,Colombia,2013,15.4
Americas,Jamaica,2013,16.64
Eastern Mediterranean,Oman,2013,17.1
Americas,Dominican Republic,2013,17.9
Eastern Mediterranean,Jordan,2013,18
Eastern Mediterranean,Bahrain,2013,20.8
Eastern Mediterranean,Tunisia,2013,21.2
Americas,Chile,2013,21.7
Western Pacific,Singapore,2013,21.86
Western Pacific,Fiji,2013,21.88
Eastern Mediterranean,Kuwait,2013,22
Eastern Mediterranean,Saudi Arabia,2013,22
Americas,Brazil,2013,22.51
Americas,Panama,2013,22.99
Americas,Saint Vincent and the Grenadines,2013,24.06
Western Pacific,Brunei Darussalam,2013,24.2
Americas,Uruguay,2013,24.92
Europe,Ireland,2013,25.6
Europe,Georgia,2013,25.85
Europe,Sweden,2013,25.9
Europe,Türkiye,2013,26.5
Americas,Trinidad and Tobago,2013,27.04
Americas,Canada,2013,27.2
Europe,United Kingdom of Great Britain and Northern Ireland,2013,27.6
Western Pacific,New Zealand,2013,27.8
Americas,Bahamas,2013,28.47
Eastern Mediterranean,Lebanon,2013,28.6
Europe,Albania,2013,28.89
Americas,United States of America,2013,28.9
Europe,Spain,2013,29.6
Europe,Denmark,2013,30.7
Europe,Israel,2013,30.9
Western Pacific,Viet Nam,2013,31.8
Europe,Iceland,2013,32.2
Western Pacific,China,2013,32.9
Europe,Italy,2013,33.1
Europe,Portugal,2013,33.9
Europe,Cyprus,2013,34.09
Europe,Bosnia and Herzegovina,2013,34.99
Americas,Antigua and Barbuda,2013,35.98
Europe,Netherlands,2013,36.1
Eastern Mediterranean,Libya,2013,37
Western Pacific,Australia,2013,37.4
Americas,Grenada,2013,38.15
Europe,Norway,2013,38.6
Europe,Montenegro,2013,38.89
Europe,Turkmenistan,2013,39.34
Europe,Uzbekistan,2013,39.94
South-East Asia,India,2013,4.9
Europe,Armenia,2013,40.6
Europe,Greece,2013,42.4
Europe,The former Yugoslav Republic of Macedonia,2013,44.46
Europe,Kyrgyzstan,2013,45.12
Europe,Slovenia,2013,45.5
Europe,Azerbaijan,2013,46.88
Europe,Tajikistan,2013,47.56
Europe,Malta,2013,47.75
Americas,Argentina,2013,47.79
Europe,Switzerland,2013,48.5
Europe,Finland,2013,48.7
Eastern Mediterranean,Egypt,2013,5.2
Eastern Mediterranean,Afghanistan,2013,5.3
Europe,Estonia,2013,50.1
Americas,Cuba,2013,50.54
Europe,Luxembourg,2013,51.7
Europe,Serbia,2013,54.99
Europe,Latvia,2013,58
Europe,Slovakia,2013,58
Europe,Republic of Moldova,2013,58.34
Europe,Croatia,2013,58.6
Europe,Belgium,2013,59.3
Eastern Mediterranean,Pakistan,2013,6
Americas,Honduras,2013,6.54
Eastern Mediterranean,Yemen,2013,6.7
Europe,France,2013,62.8
Americas,Barbados,2013,63.36
Europe,Poland,2013,66.1
Europe,Romania,2013,66.73
Europe,Czechia,2013,67
Europe,Kazakhstan,2013,67.18
Europe,Bulgaria,2013,68.16
Western Pacific,Cambodia,2013,7
Americas,Haiti,2013,7.07
Europe,Hungary,2013,70.4
Europe,Lithuania,2013,73.1
Europe,Austria,2013,76.4
Eastern Mediterranean,Sudan,2013,8.2
Eastern Mediterranean,Morocco,2013,8.5
Eastern Mediterranean,Somalia,2013,8.7
Americas,Belize,2013,8.86
Europe,Germany,2013,82.8
Europe,Ukraine,2013,87.98
Americas,Nicaragua,2013,9.51
South-East Asia,Indonesia,2013,9.9
Western Pacific,Philippines,2013,9.9
Europe,Russian Federation,2013,90.7
Americas,Mexico,2012,10.3
Western Pacific,Philippines,2012,10.5
Americas,El Salvador,2012,10.7
Eastern Mediterranean,United Arab Emirates,2012,10.7
Americas,Belize,2012,10.81
Western Pacific,Republic of Korea,2012,102.5
Americas,Bolivia (Plurinational State of),2012,11.01
Europe,Belarus,2012,112.7
Americas,Costa Rica,2012,12
Eastern Mediterranean,Qatar,2012,12
Eastern Mediterranean,Iraq,2012,13
Western Pacific,Japan,2012,133.5
Western Pacific,Solomon Islands,2012,14
Eastern Mediterranean,Djibouti,2012,14.2
Americas,Colombia,2012,14.8
Eastern Mediterranean,Iran (Islamic Republic of),2012,15
Western Pacific,Lao People's Democratic Republic,2012,15
Americas,Ecuador,2012,15.01
Americas,Peru,2012,15.23
Eastern Mediterranean,Syrian Arab Republic,2012,15.3
Eastern Mediterranean,Oman,2012,16.5
Americas,Jamaica,2012,16.68
South-East Asia,Bhutan,2012,17.4
Americas,Dominican Republic,2012,17.4
Eastern Mediterranean,Jordan,2012,18
Western Pacific,Malaysia,2012,19
Eastern Mediterranean,Bahrain,2012,20.8
Eastern Mediterranean,Saudi Arabia,2012,20.9
Eastern Mediterranean,Tunisia,2012,21.2
Americas,Chile,2012,21.7
Eastern Mediterranean,Kuwait,2012,22
Americas,Brazil,2012,22.72
Americas,Panama,2012,23.26
Americas,Saint Vincent and the Grenadines,2012,24.05
Western Pacific,Brunei Darussalam,2012,24.41
Americas,Uruguay,2012,24.96
Europe,Georgia,2012,25.27
Europe,Ireland,2012,25.4
Europe,Sweden,2012,26.6
Europe,Türkiye,2012,26.6
Americas,Trinidad and Tobago,2012,27.17
Americas,Canada,2012,27.9
Europe,United Kingdom of Great Britain and Northern Ireland,2012,28.1
Western Pacific,New Zealand,2012,28.3
Americas,Bahamas,2012,28.6
Europe,Albania,2012,28.84
Americas,United States of America,2012,29.3
Europe,Spain,2012,29.9
South-East Asia,Nepal,2012,3
Western Pacific,China,2012,30.1
Europe,Israel,2012,31
Europe,Iceland,2012,32.5
Europe,Portugal,2012,34.1
Europe,Italy,2012,34.2
Eastern Mediterranean,Lebanon,2012,34.5
Europe,Cyprus,2012,34.61
Europe,Bosnia and Herzegovina,2012,35.04
Americas,Grenada,2012,35.83
Eastern Mediterranean,Libya,2012,37
Western Pacific,Australia,2012,37.5
Europe,Netherlands,2012,37.5
Europe,Norway,2012,39.7
Europe,Montenegro,2012,39.74
Europe,Turkmenistan,2012,39.76
South-East Asia,India,2012,4.9
Europe,Armenia,2012,40.48
Europe,Uzbekistan,2012,41.89
Europe,The former Yugoslav Republic of Macedonia,2012,44.04
Europe,Greece,2012,44.5
Europe,Slovenia,2012,45.4
Americas,Argentina,2012,45.88
Europe,Kyrgyzstan,2012,46.39
Europe,Azerbaijan,2012,46.47
Europe,Malta,2012,47.07
Europe,Tajikistan,2012,48.25
Europe,Switzerland,2012,49.7
Eastern Mediterranean,Egypt,2012,5.2
Eastern Mediterranean,Afghanistan,2012,5.3
Americas,Cuba,2012,50.41
Europe,Luxembourg,2012,51.5
Europe,Finland,2012,53
Europe,Serbia,2012,54.41
Europe,Estonia,2012,55.3
Europe,Croatia,2012,58.86
Europe,Latvia,2012,58.9
Europe,Slovakia,2012,59.1
Europe,Belgium,2012,59.9
Eastern Mediterranean,Pakistan,2012,6
Americas,Guatemala,2012,6.11
Americas,Honduras,2012,6.21
Europe,Republic of Moldova,2012,62.26
Europe,France,2012,63.4
Americas,Barbados,2012,63.43
Europe,Romania,2012,65.96
Europe,Bulgaria,2012,66.12
Europe,Poland,2012,66.3
Europe,Czechia,2012,69.3
Eastern Mediterranean,Yemen,2012,7.2
Europe,Hungary,2012,70
Western Pacific,Mongolia,2012,70
Europe,Kazakhstan,2012,70.07
Europe,Lithuania,2012,74.5
Europe,Austria,2012,76.7
Eastern Mediterranean,Sudan,2012,8.2
South-East Asia,Indonesia,2012,8.3
Eastern Mediterranean,Morocco,2012,8.5
Europe,Germany,2012,83.4
Europe,Ukraine,2012,89.07
South-East Asia,Myanmar,2012,9
Americas,Nicaragua,2012,9.59
Europe,Russian Federation,2012,93
Africa,Central African Republic,2011,10
Americas,El Salvador,2011,10.3
Americas,Mexico,2011,10.4
Americas,Bolivia (Plurinational State of),2011,10.69
Western Pacific,Philippines,2011,10.7
Eastern Mediterranean,United Arab Emirates,2011,10.7
Americas,Belize,2011,10.94
Africa,Gambia,2011,11
Americas,Nicaragua,2011,11.36
Europe,Belarus,2011,112.5
Eastern Mediterranean,Qatar,2011,12
Americas,Costa Rica,2011,12.3
Eastern Mediterranean,Iraq,2011,13
Africa,Malawi,2011,13
Americas,Paraguay,2011,13.64
Western Pacific,Japan,2011,134
Eastern Mediterranean,Djibouti,2011,14.2
Americas,Colombia,2011,14.5
Americas,Saint Lucia,2011,14.55
Americas,Peru,2011,15.28
Eastern Mediterranean,Syrian Arab Republic,2011,15.5
Americas,Ecuador,2011,16.17
Western Pacific,Solomon Islands,2011,16.6
Eastern Mediterranean,Bahrain,2011,17
Africa,Zimbabwe,2011,17
Americas,Dominican Republic,2011,17.4
Eastern Mediterranean,Iran (Islamic Republic of),2011,17.4
Eastern Mediterranean,Oman,2011,17.7
Eastern Mediterranean,Jordan,2011,18
Eastern Mediterranean,Kuwait,2011,18.5
Africa,Burundi,2011,19
Americas,Antigua and Barbuda,2011,19.33
Eastern Mediterranean,Tunisia,2011,20.9
Africa,Eswatini,2011,21
Eastern Mediterranean,Saudi Arabia,2011,21.4
Western Pacific,Fiji,2011,21.93
Americas,Chile,2011,22.2
Americas,Panama,2011,22.74
Americas,Brazil,2011,23.06
Western Pacific,Brunei Darussalam,2011,24.62
Americas,Saint Vincent and the Grenadines,2011,25.24
Europe,Ireland,2011,26.2
Europe,Türkiye,2011,26.2
Western Pacific,China,2011,26.9
Europe,Sweden,2011,27
Americas,Canada,2011,28
Europe,Georgia,2011,28.1
Western Pacific,New Zealand,2011,28.2
Europe,United Kingdom of Great Britain and Northern Ireland,2011,28.8
Europe,Albania,2011,28.82
Africa,Sao Tome and Principe,2011,29
Americas,Bahamas,2011,29.03
Americas,United States of America,2011,29.7
Americas,Uruguay,2011,29.78
Africa,Guinea,2011,3
Europe,Spain,2011,30.5
Europe,Denmark,2011,31.3
Europe,Israel,2011,31.4
Europe,Iceland,2011,32.9
Europe,Portugal,2011,33.7
Africa,Mauritius,2011,34
Eastern Mediterranean,Lebanon,2011,34.5
Europe,Bosnia and Herzegovina,2011,34.61
Europe,Cyprus,2011,35.12
Europe,Italy,2011,35.2
Americas,Grenada,2011,35.98
Africa,Seychelles,2011,36
Eastern Mediterranean,Libya,2011,37
Europe,Armenia,2011,37.44
Western Pacific,Australia,2011,37.9
Europe,Netherlands,2011,38.4
Europe,Montenegro,2011,39.77
Eastern Mediterranean,Afghanistan,2011,4.4
Europe,Turkmenistan,2011,40.68
Europe,Norway,2011,41.9
Europe,Uzbekistan,2011,43.22
Europe,Malta,2011,43.82
Americas,Argentina,2011,43.91
Europe,Greece,2011,44.7
Europe,The former Yugoslav Republic of Macedonia,2011,45.08
Europe,Azerbaijan,2011,46.19
Europe,Slovenia,2011,46.2
Europe,Kyrgyzstan,2011,46.98
Europe,Tajikistan,2011,49.45
Eastern Mediterranean,Egypt,2011,5.2
Europe,Switzerland,2011,50.5
Americas,Cuba,2011,50.8
Europe,Luxembourg,2011,52.8
Europe,Estonia,2011,53.6
Europe,Serbia,2011,54.29
Europe,Finland,2011,55.2
Europe,Croatia,2011,58.44
Europe,Latvia,2011,58.8
Eastern Mediterranean,Pakistan,2011,6
South-East Asia,Indonesia,2011,6.2
Americas,Honduras,2011,6.23
South-East Asia,India,2011,6.3
Americas,Guatemala,2011,6.6
Europe,Belgium,2011,60.5
Europe,Slovakia,2011,60.5
Europe,Republic of Moldova,2011,61.89
Europe,Romania,2011,63.1
Europe,France,2011,63.6
Europe,Bulgaria,2011,64.49
Europe,Poland,2011,66.3
Africa,Eritrea,2011,7
Africa,Mozambique,2011,7
Africa,Togo,2011,7
Eastern Mediterranean,Yemen,2011,7
Europe,Czechia,2011,70.6
Europe,Kazakhstan,2011,71.1
Europe,Hungary,2011,71.9
Europe,Lithuania,2011,74.3
Europe,Austria,2011,76.8
Eastern Mediterranean,Sudan,2011,8.4
Eastern Mediterranean,Morocco,2011,8.5
Europe,Germany,2011,83.8
Africa,Ghana,2011,9
Americas,Venezuela (Bolivarian Republic of),2011,9.32
Europe,Ukraine,2011,90.49
Europe,Russian Federation,2011,94.2
Western Pacific,Republic of Korea,2011,95.3
Africa,Mali,2010,1
Americas,Mexico,2010,10.5
Western Pacific,Philippines,2010,10.6
Eastern Mediterranean,Morocco,2010,11.26
Europe,Belarus,2010,114.5
Eastern Mediterranean,Qatar,2010,12.3
Americas,Costa Rica,2010,12.4
Africa,Cameroon,2010,13
Eastern Mediterranean,Iraq,2010,13
Western Pacific,Japan,2010,135.1
Africa,Kenya,2010,14
Eastern Mediterranean,Djibouti,2010,14.15
Americas,Colombia,2010,14.8
South-East Asia,Democratic People's Republic of Korea,2010,143
Eastern Mediterranean,Syrian Arab Republic,2010,15.4
Americas,Dominican Republic,2010,15.9
Americas,Ecuador,2010,15.93
Eastern Mediterranean,Egypt,2010,17.3
Eastern Mediterranean,Iran (Islamic Republic of),2010,17.4
Americas,Jamaica,2010,17.63
Eastern Mediterranean,Bahrain,2010,17.7
Eastern Mediterranean,Oman,2010,17.7
Africa,Botswana,2010,18
Eastern Mediterranean,Jordan,2010,18
Eastern Mediterranean,United Arab Emirates,2010,19.3
Africa,Madagascar,2010,2
Eastern Mediterranean,Kuwait,2010,20
Africa,Zambia,2010,20
Americas,Chile,2010,20.4
Eastern Mediterranean,Tunisia,2010,20.9
Africa,Cabo Verde,2010,21
Africa,Equatorial Guinea,2010,21
Americas,Trinidad and Tobago,2010,21.38
Africa,Comoros,2010,21.6
Eastern Mediterranean,Saudi Arabia,2010,22.04
Americas,Panama,2010,22.99
Africa,South Africa,2010,23
Americas,Brazil,2010,23.7
Western Pacific,Brunei Darussalam,2010,24.6
Western Pacific,China,2010,24.7
Europe,Ireland,2010,27.3
Europe,Sweden,2010,27.3
Europe,Türkiye,2010,27.4
Western Pacific,New Zealand,2010,27.5
Americas,Canada,2010,27.8
Western Pacific,Viet Nam,2010,29.1
Americas,Bahamas,2010,29.21
Europe,United Kingdom of Great Britain and Northern Ireland,2010,29.3
Europe,Albania,2010,29.89
Europe,Georgia,2010,29.93
Africa,Niger,2010,3.5
Americas,United States of America,2010,30.5
Americas,Suriname,2010,31.04
Europe,Spain,2010,31.1
Europe,Israel,2010,31.6
Europe,Portugal,2010,33.7
Europe,Bosnia and Herzegovina,2010,34.01
Eastern Mediterranean,Lebanon,2010,34.5
Europe,Denmark,2010,35
South-East Asia,Sri Lanka,2010,35.1
Europe,Cyprus,2010,35.66
Europe,Iceland,2010,35.8
Europe,Italy,2010,36.4
Eastern Mediterranean,Libya,2010,37
Europe,Armenia,2010,37.35
Western Pacific,Australia,2010,37.8
Europe,Montenegro,2010,39.81
Africa,Burkina Faso,2010,4
Eastern Mediterranean,Afghanistan,2010,4.3
South-East Asia,India,2010,4.7
Europe,Netherlands,2010,40.5
Europe,Turkmenistan,2010,40.99
Europe,Norway,2010,43
Europe,Uzbekistan,2010,44.38
Europe,Greece,2010,44.8
Europe,Malta,2010,45.21
Europe,Slovenia,2010,45.7
Europe,The former Yugoslav Republic of Macedonia,2010,45.91
Europe,Kyrgyzstan,2010,47.56
Africa,Benin,2010,5
Africa,Uganda,2010,5
South-East Asia,Indonesia,2010,5.7
Europe,Azerbaijan,2010,50.57
Europe,Tajikistan,2010,50.76
Europe,Switzerland,2010,51.9
Europe,Estonia,2010,52.7
Europe,Luxembourg,2010,53.7
Europe,Serbia,2010,53.99
Europe,Latvia,2010,56.8
Europe,Croatia,2010,57.8
Europe,Finland,2010,58.5
Eastern Mediterranean,Pakistan,2010,6
Western Pacific,Mongolia,2010,60
Europe,Belgium,2010,61.2
Europe,Republic of Moldova,2010,61.82
Europe,Romania,2010,62.85
Europe,France,2010,64.3
Europe,Slovakia,2010,64.6
Europe,Poland,2010,66.1
Europe,Bulgaria,2010,66.17
Americas,Barbados,2010,67.6
Africa,United Republic of Tanzania,2010,7
Eastern Mediterranean,Sudan,2010,7.2
Eastern Mediterranean,Yemen,2010,7.2
Europe,Lithuania,2010,71.6
Europe,Hungary,2010,71.8
Europe,Kazakhstan,2010,72.92
Europe,Czechia,2010,73
Europe,Austria,2010,76.5
Africa,Liberia,2010,8
Europe,Germany,2010,82.5
Western Pacific,Republic of Korea,2010,87.4
Europe,Ukraine,2010,93.82
Europe,Russian Federation,2010,94.1
Africa,Guinea-Bissau,2009,10
Americas,Mexico,2009,10.2
Western Pacific,Philippines,2009,10.6
Africa,Gambia,2009,11
Eastern Mediterranean,Morocco,2009,11.3
Europe,Belarus,2009,110.7
Americas,Costa Rica,2009,12.4
Eastern Mediterranean,Iraq,2009,12.7
Eastern Mediterranean,Iran (Islamic Republic of),2009,13.8
Western Pacific,Japan,2009,136.2
Eastern Mediterranean,Qatar,2009,14
Americas,Dominican Republic,2009,14.4
Eastern Mediterranean,Syrian Arab Republic,2009,15.1
Eastern Mediterranean,Egypt,2009,17.3
Eastern Mediterranean,Jordan,2009,18
Eastern Mediterranean,Kuwait,2009,18
Eastern Mediterranean,Bahrain,2009,19
Africa,Equatorial Guinea,2009,19
Eastern Mediterranean,Oman,2009,19
Eastern Mediterranean,United Arab Emirates,2009,19.3
Eastern Mediterranean,Tunisia,2009,20.9
Eastern Mediterranean,Saudi Arabia,2009,21.7
Americas,Chile,2009,22.7
Western Pacific,China,2009,22.9
Western Pacific,New Zealand,2009,24.1
Americas,Brazil,2009,24.3
Europe,Türkiye,2009,26.2
Africa,Namibia,2009,27
Europe,Sweden,2009,27.6
Americas,Canada,2009,28
Europe,Ireland,2009,28.3
Europe,Albania,2009,30.08
Americas,United States of America,2009,30.8
Europe,Georgia,2009,30.91
Europe,Spain,2009,31.6
Europe,Israel,2009,31.9
Europe,United Kingdom of Great Britain and Northern Ireland,2009,32.6
Europe,Bosnia and Herzegovina,2009,33.25
Europe,Portugal,2009,33.7
Eastern Mediterranean,Lebanon,2009,34.5
Europe,Denmark,2009,34.9
Europe,Italy,2009,36.9
Europe,Iceland,2009,37
Eastern Mediterranean,Libya,2009,37
Europe,Armenia,2009,37.2
Europe,Cyprus,2009,37.62
Western Pacific,Australia,2009,37.7
Africa,Seychelles,2009,39
Europe,Montenegro,2009,39.43
Africa,Uganda,2009,4
Eastern Mediterranean,Afghanistan,2009,4.2
South-East Asia,India,2009,4.4
Europe,Turkmenistan,2009,40.22
Europe,Netherlands,2009,42
South-East Asia,Maldives,2009,43
Europe,The former Yugoslav Republic of Macedonia,2009,44.78
Europe,Norway,2009,45.2
Europe,Uzbekistan,2009,45.78
Europe,Slovenia,2009,46
Europe,Kyrgyzstan,2009,48.25
Europe,Malta,2009,48.32
Europe,Greece,2009,49.3
South-East Asia,Indonesia,2009,5.9
Europe,Switzerland,2009,51
Europe,Tajikistan,2009,51.86
Europe,Serbia,2009,53.55
Europe,Estonia,2009,53.7
Europe,Luxembourg,2009,54.7
Europe,Croatia,2009,55.28
South-East Asia,Timor-Leste,2009,59
Eastern Mediterranean,Pakistan,2009,6
Europe,Belgium,2009,61.5
Europe,Republic of Moldova,2009,61.53
Europe,Finland,2009,62.5
Europe,Slovakia,2009,65.4
Europe,Romania,2009,66.2
Europe,Poland,2009,66.5
Europe,France,2009,66.6
Europe,Bulgaria,2009,67.22
Europe,Latvia,2009,67.4
Africa,Liberia,2009,7
Eastern Mediterranean,Yemen,2009,7
Eastern Mediterranean,Sudan,2009,7.3
Europe,Czechia,2009,71.4
Europe,Hungary,2009,71.4
Europe,Lithuania,2009,71.8
Europe,Azerbaijan,2009,75.37
Europe,Kazakhstan,2009,76.14
Europe,Austria,2009,76.8
Western Pacific,Republic of Korea,2009,81.9
Europe,Germany,2009,82.4
Africa,Ghana,2009,9
Europe,Ukraine,2009,94.04
Europe,Russian Federation,2009,96.8
Americas,Mexico,2008,10.3
Western Pacific,Philippines,2008,10.4
Eastern Mediterranean,Morocco,2008,11
Europe,Belarus,2008,111.2
Americas,Costa Rica,2008,12.5
Eastern Mediterranean,Iraq,2008,12.6
Africa,Gabon,2008,13
Eastern Mediterranean,Iran (Islamic Republic of),2008,13.8
Western Pacific,Japan,2008,137.1
Eastern Mediterranean,Syrian Arab Republic,2008,15.4
Americas,Dominican Republic,2008,15.7
Africa,Botswana,2008,18
Eastern Mediterranean,Jordan,2008,18
Eastern Mediterranean,Kuwait,2008,18
Eastern Mediterranean,United Arab Emirates,2008,18.6
Africa,Zambia,2008,19
Eastern Mediterranean,Bahrain,2008,19.7
Africa,Ethiopia,2008,2
Eastern Mediterranean,Tunisia,2008,20
Eastern Mediterranean,Oman,2008,20.2
Eastern Mediterranean,Egypt,2008,20.8
Africa,Cabo Verde,2008,21
Western Pacific,China,2008,21.3
Eastern Mediterranean,Saudi Arabia,2008,22.1
Americas,Chile,2008,22.8
Africa,South Africa,2008,23.9
Americas,Brazil,2008,24.4
Eastern Mediterranean,Qatar,2008,25.2
Europe,Türkiye,2008,25.8
Europe,Sweden,2008,28.1
Americas,Canada,2008,28.5
Africa,Senegal,2008,3
Americas,United States of America,2008,31.3
Europe,Spain,2008,32
Europe,Georgia,2008,32.09
Europe,Israel,2008,33
Africa,Mauritius,2008,33
Europe,United Kingdom of Great Britain and Northern Ireland,2008,33.3
Europe,Bosnia and Herzegovina,2008,33.52
Europe,Portugal,2008,33.9
Eastern Mediterranean,Lebanon,2008,34.3
Europe,Denmark,2008,35.7
Eastern Mediterranean,Libya,2008,37
Europe,Cyprus,2008,37.85
Europe,Italy,2008,37.9
Western Pacific,Australia,2008,38.2
Europe,Armenia,2008,38.21
Europe,Iceland,2008,39.1
Europe,Montenegro,2008,39.3
South-East Asia,India,2008,4.1
Eastern Mediterranean,Afghanistan,2008,4.2
Europe,Turkmenistan,2008,40.35
Europe,Netherlands,2008,42.7
Europe,The former Yugoslav Republic of Macedonia,2008,45.46
Europe,Norway,2008,46.4
Europe,Uzbekistan,2008,46.74
Europe,Slovenia,2008,47.4
Europe,Greece,2008,48.4
Europe,Ireland,2008,48.5
Europe,Kyrgyzstan,2008,50.12
Europe,Switzerland,2008,52.1
Europe,Tajikistan,2008,53.01
Europe,Serbia,2008,53.37
Europe,Luxembourg,2008,55.7
Europe,Estonia,2008,56.3
Europe,Croatia,2008,56.33
Africa,Mali,2008,6
Eastern Mediterranean,Pakistan,2008,6
Europe,Republic of Moldova,2008,61.06
Europe,Belgium,2008,62.5
Europe,Romania,2008,65.69
Europe,Finland,2008,65.7
Europe,Slovakia,2008,65.9
Europe,Bulgaria,2008,66.08
Europe,Poland,2008,66.2
Europe,France,2008,69
Eastern Mediterranean,Yemen,2008,7
Eastern Mediterranean,Sudan,2008,7.3
Europe,Hungary,2008,71.1
Europe,Lithuania,2008,71.8
Europe,Czechia,2008,72.1
Europe,Malta,2008,73.89
Europe,Azerbaijan,2008,76.75
Europe,Austria,2008,76.9
Europe,Kazakhstan,2008,77.1
Western Pacific,Republic of Korea,2008,77.3
Europe,Latvia,2008,77.7
Europe,Germany,2008,82.1
Europe,Ukraine,2008,87.45
Europe,Russian Federation,2008,98.5
Eastern Mediterranean,Pakistan,2007,10
Western Pacific,Samoa,2007,10
Western Pacific,Philippines,2007,10.5
Americas,Mexico,2007,10.6
Europe,Russian Federation,2007,107.1
Africa,Malawi,2007,11
Europe,Belarus,2007,112.3
Americas,Dominican Republic,2007,12.2
Americas,Costa Rica,2007,13
Eastern Mediterranean,Iraq,2007,13.3
Western Pacific,Japan,2007,138.7
Eastern Mediterranean,Syrian Arab Republic,2007,14.7
Eastern Mediterranean,Iran (Islamic Republic of),2007,17.2
Eastern Mediterranean,Tunisia,2007,17.6
Eastern Mediterranean,United Arab Emirates,2007,18.8
Eastern Mediterranean,Jordan,2007,19
Eastern Mediterranean,Kuwait,2007,19
Western Pacific,China,2007,19.9
Eastern Mediterranean,Oman,2007,20.2
Eastern Mediterranean,Egypt,2007,21
Eastern Mediterranean,Saudi Arabia,2007,22
Americas,Chile,2007,22.9
Africa,South Africa,2007,24.1
Americas,Brazil,2007,24.7
Eastern Mediterranean,Qatar,2007,25.2
Europe,Türkiye,2007,25.4
Eastern Mediterranean,Bahrain,2007,27.4
Europe,Sweden,2007,28.6
Americas,Canada,2007,29.6
Europe,Albania,2007,30.95
Americas,United States of America,2007,31.4
Europe,Spain,2007,32.5
Europe,Georgia,2007,33.19
Europe,Israel,2007,33.5
Europe,United Kingdom of Great Britain and Northern Ireland,2007,33.9
Europe,Bosnia and Herzegovina,2007,33.91
Eastern Mediterranean,Lebanon,2007,34.3
Europe,Portugal,2007,34.4
Europe,Denmark,2007,36.9
Eastern Mediterranean,Libya,2007,37
Europe,Cyprus,2007,38.01
Europe,Italy,2007,39.1
South-East Asia,India,2007,4.1
Eastern Mediterranean,Afghanistan,2007,4.2
Europe,Montenegro,2007,40.5
Europe,Armenia,2007,40.68
Europe,Turkmenistan,2007,40.71
Europe,Iceland,2007,41.2
Europe,Netherlands,2007,43.1
Europe,The former Yugoslav Republic of Macedonia,2007,45.64
Europe,Slovenia,2007,46.6
Europe,Uzbekistan,2007,48.32
Europe,Norway,2007,48.6
Europe,Greece,2007,48.8
Europe,Kyrgyzstan,2007,50.6
Europe,Ireland,2007,51
Europe,Serbia,2007,53.46
Europe,Switzerland,2007,53.6
Europe,Tajikistan,2007,54.4
Europe,Estonia,2007,54.8
Europe,Croatia,2007,56.47
Europe,Luxembourg,2007,56.7
Europe,Republic of Moldova,2007,61.2
Europe,Belgium,2007,62.7
Europe,Poland,2007,64.2
Europe,Bulgaria,2007,64.61
Europe,Romania,2007,65.39
Europe,Finland,2007,67.3
Europe,Slovakia,2007,67.8
Eastern Mediterranean,Yemen,2007,7
Eastern Mediterranean,Sudan,2007,7.3
Europe,France,2007,70.6
Europe,Hungary,2007,71.9
Europe,Lithuania,2007,71.9
Western Pacific,Republic of Korea,2007,72.4
Europe,Czechia,2007,73.3
Europe,Kazakhstan,2007,77.21
Europe,Austria,2007,77.5
Europe,Latvia,2007,78.3
Europe,Malta,2007,78.48
Europe,Azerbaijan,2007,79.33
Africa,Mozambique,2007,8
Eastern Mediterranean,Morocco,2007,8.7
Europe,Germany,2007,82.4
Europe,Ukraine,2007,87.25
Americas,Mexico,2006,10.2
Western Pacific,Philippines,2006,10.7
Europe,Russian Federation,2006,109
Africa,United Republic of Tanzania,2006,11
Europe,Belarus,2006,111.8
Africa,Central African Republic,2006,12
Africa,Eritrea,2006,12
Eastern Mediterranean,Pakistan,2006,12.5
Eastern Mediterranean,Iraq,2006,13
Africa,Lesotho,2006,13
Americas,Costa Rica,2006,13.2
Western Pacific,Japan,2006,139.7
Eastern Mediterranean,Syrian Arab Republic,2006,14.7
Africa,Cameroon,2006,15
Africa,Rwanda,2006,16
Eastern Mediterranean,Djibouti,2006,16.1
Eastern Mediterranean,Iran (Islamic Republic of),2006,17.2
Eastern Mediterranean,United Arab Emirates,2006,18.8
Eastern Mediterranean,Jordan,2006,19
Eastern Mediterranean,Kuwait,2006,19
Western Pacific,China,2006,19.1
Eastern Mediterranean,Tunisia,2006,19.8
Africa,Eswatini,2006,21
Eastern Mediterranean,Oman,2006,21
Africa,Comoros,2006,22
Eastern Mediterranean,Egypt,2006,22
Eastern Mediterranean,Saudi Arabia,2006,23
Americas,Chile,2006,23.3
Americas,Brazil,2006,24.8
Eastern Mediterranean,Qatar,2006,25.2
Europe,Türkiye,2006,25.2
Eastern Mediterranean,Bahrain,2006,27.4
Europe,Sweden,2006,28.9
Africa,Zimbabwe,2006,30
Americas,Canada,2006,30.2
Europe,Albania,2006,31.22
Americas,United States of America,2006,31.8
Africa,Sao Tome and Principe,2006,32
Europe,Spain,2006,32.9
Europe,Bosnia and Herzegovina,2006,33.21
Europe,Israel,2006,34
Europe,Portugal,2006,34.8
Europe,United Kingdom of Great Britain and Northern Ireland,2006,35.4
Eastern Mediterranean,Lebanon,2006,36
Eastern Mediterranean,Libya,2006,37
Europe,Georgia,2006,37.42
Europe,Denmark,2006,37.9
Europe,Cyprus,2006,38.03
Western Pacific,Australia,2006,39.3
Europe,Italy,2006,39.9
Africa,Côte d’Ivoire,2006,4
Africa,Mauritania,2006,4
Africa,Sierra Leone,2006,4
Eastern Mediterranean,Afghanistan,2006,4.2
South-East Asia,India,2006,4.2
Europe,Montenegro,2006,42.13
Europe,Turkmenistan,2006,43.39
Europe,Netherlands,2006,43.4
Europe,Armenia,2006,44.2
Europe,The former Yugoslav Republic of Macedonia,2006,46.27
Europe,Slovenia,2006,47.7
Europe,Greece,2006,48.7
Europe,Norway,2006,50.3
Europe,Kyrgyzstan,2006,50.85
Europe,Uzbekistan,2006,51.17
Europe,Ireland,2006,52.6
Europe,Switzerland,2006,53.9
Europe,Serbia,2006,55.44
Europe,Estonia,2006,55.5
Europe,Croatia,2006,56.2
Europe,Luxembourg,2006,56.5
Europe,Tajikistan,2006,61.2
Europe,Republic of Moldova,2006,62.68
Europe,Bulgaria,2006,62.78
Europe,Belgium,2006,63.5
Europe,Poland,2006,64.7
Western Pacific,Republic of Korea,2006,64.8
Europe,Slovakia,2006,67.3
Europe,Romania,2006,67.41
Europe,Finland,2006,69.9
Africa,Burundi,2006,7
Eastern Mediterranean,Yemen,2006,7
Eastern Mediterranean,Sudan,2006,7.3
Europe,France,2006,71.1
Europe,Lithuania,2006,71.6
Europe,Czechia,2006,74.5
Europe,Malta,2006,75.7
Europe,Austria,2006,76.6
Europe,Kazakhstan,2006,77.76
Europe,Latvia,2006,78.5
Europe,Azerbaijan,2006,79.4
Europe,Hungary,2006,79.8
Africa,Democratic Republic of the Congo,2006,8
Eastern Mediterranean,Morocco,2006,8.7
Europe,Germany,2006,83
Europe,Ukraine,2006,87.3
Africa,Burkina Faso,2006,9
Americas,Mexico,2005,10.5
Europe,Russian Federation,2005,110.1
Europe,Belarus,2005,111.3
Eastern Mediterranean,Syrian Arab Republic,2005,12.8
Eastern Mediterranean,Iraq,2005,13
Americas,Costa Rica,2005,13.5
Western Pacific,Japan,2005,140.8
Africa,Congo,2005,16
Eastern Mediterranean,Djibouti,2005,16.1
Eastern Mediterranean,Jordan,2005,17
Eastern Mediterranean,Iran (Islamic Republic of),2005,17.2
Eastern Mediterranean,Tunisia,2005,17.6
Western Pacific,China,2005,18.4
Eastern Mediterranean,Kuwait,2005,19
Eastern Mediterranean,Oman,2005,21
South-East Asia,Thailand,2005,21
Eastern Mediterranean,United Arab Emirates,2005,21.9
Eastern Mediterranean,Egypt,2005,22
Eastern Mediterranean,Saudi Arabia,2005,22.5
Americas,Chile,2005,23.1
Western Pacific,Viet Nam,2005,23.4
Eastern Mediterranean,Qatar,2005,24.3
Europe,Türkiye,2005,25
Americas,Brazil,2005,25.2
Western Pacific,Brunei Darussalam,2005,25.8
Africa,South Africa,2005,28
Eastern Mediterranean,Bahrain,2005,28.1
Europe,Sweden,2005,29.3
Africa,Guinea,2005,3
Africa,Madagascar,2005,3
Africa,Niger,2005,3
Europe,Albania,2005,30.83
Americas,Canada,2005,31
Europe,Bosnia and Herzegovina,2005,31.18
Americas,United States of America,2005,32
Europe,Spain,2005,33.4
Eastern Mediterranean,Libya,2005,34
Europe,Portugal,2005,35.6
Eastern Mediterranean,Lebanon,2005,36
Europe,United Kingdom of Great Britain and Northern Ireland,2005,37.2
Europe,Israel,2005,37.3
Europe,Cyprus,2005,38.26
Europe,Denmark,2005,38.6
Western Pacific,Australia,2005,39
Europe,Georgia,2005,39.2
Africa,Chad,2005,4
South-East Asia,India,2005,4.1
Eastern Mediterranean,Afghanistan,2005,4.2
Europe,Italy,2005,40.4
Europe,Montenegro,2005,41.84
Europe,Turkmenistan,2005,44.01
Europe,Armenia,2005,44.61
Europe,Netherlands,2005,45
Europe,The former Yugoslav Republic of Macedonia,2005,46.98
Europe,Greece,2005,47.8
Europe,Slovenia,2005,48.3
Africa,Benin,2005,5
Europe,Kyrgyzstan,2005,51.16
Europe,Norway,2005,51.6
Europe,Uzbekistan,2005,51.95
Europe,Estonia,2005,53.8
Europe,Croatia,2005,54.53
Europe,Ireland,2005,54.6
Europe,Switzerland,2005,55.4
Europe,Luxembourg,2005,57.9
Europe,Tajikistan,2005,58.65
Western Pacific,Republic of Korea,2005,59
Eastern Mediterranean,Yemen,2005,6.1
Europe,Republic of Moldova,2005,63.87
Europe,Bulgaria,2005,64.12
Europe,Belgium,2005,64.4
Europe,Poland,2005,65.2
Europe,Romania,2005,67.76
Europe,Slovakia,2005,67.9
Eastern Mediterranean,Pakistan,2005,7
Eastern Mediterranean,Sudan,2005,7.2
Europe,Finland,2005,70.5
Europe,France,2005,72.2
Europe,Lithuania,2005,72.8
Europe,Malta,2005,74.45
Europe,Czechia,2005,75.7
Europe,Austria,2005,76.9
Europe,Kazakhstan,2005,77.62
Europe,Latvia,2005,79
Europe,Hungary,2005,79.1
Africa,Angola,2005,8
Eastern Mediterranean,Morocco,2005,8.7
Europe,Azerbaijan,2005,82.11
Europe,Germany,2005,84.7
Europe,Ukraine,2005,86.83
Africa,Togo,2005,9
Americas,Mexico,2004,10.7
Europe,Belarus,2004,107.1
Europe,Russian Federation,2004,111.3
Eastern Mediterranean,Iraq,2004,13.3
Africa,Kenya,2004,14
Eastern Mediterranean,Syrian Arab Republic,2004,14.9
Western Pacific,Japan,2004,142
Americas,Costa Rica,2004,15
Eastern Mediterranean,Djibouti,2004,16.1
Eastern Mediterranean,Iran (Islamic Republic of),2004,16.3
Africa,Algeria,2004,17
Eastern Mediterranean,Jordan,2004,17
Western Pacific,China,2004,17.9
Eastern Mediterranean,Tunisia,2004,20.5
Eastern Mediterranean,Kuwait,2004,21
Eastern Mediterranean,Egypt,2004,21.7
Eastern Mediterranean,United Arab Emirates,2004,21.9
Eastern Mediterranean,Oman,2004,22
Eastern Mediterranean,Saudi Arabia,2004,22.4
Eastern Mediterranean,Qatar,2004,23.6
Americas,Chile,2004,24.1
Europe,Türkiye,2004,24.7
Eastern Mediterranean,Bahrain,2004,28.1
Africa,South Africa,2004,28.7
Eastern Mediterranean,Afghanistan,2004,3.9
Eastern Mediterranean,Lebanon,2004,30
Europe,Albania,2004,30.07
Europe,Sweden,2004,30.1
Europe,Bosnia and Herzegovina,2004,30.5
Americas,United States of America,2004,32.6
Europe,Spain,2004,34
Americas,Canada,2004,34.4
Europe,Portugal,2004,35.9
Europe,Israel,2004,38
Europe,United Kingdom of Great Britain and Northern Ireland,2004,38.6
Eastern Mediterranean,Libya,2004,39
Europe,Denmark,2004,39.7
Eastern Mediterranean,Somalia,2004,4.2
Western Pacific,Australia,2004,40
Europe,Italy,2004,40.2
Europe,Georgia,2004,41.23
Europe,Montenegro,2004,42.15
Europe,Armenia,2004,44.37
Europe,Netherlands,2004,45.6
Europe,Greece,2004,47.3
Europe,The former Yugoslav Republic of Macedonia,2004,47.72
Europe,Slovenia,2004,48
Europe,Turkmenistan,2004,49.02
Africa,Nigeria,2004,5
Eastern Mediterranean,Yemen,2004,5.9
Europe,Kyrgyzstan,2004,51.41
Europe,Norway,2004,52.5
Europe,Uzbekistan,2004,52.6
Western Pacific,Republic of Korea,2004,54.2
Europe,Croatia,2004,55.3
Europe,Estonia,2004,56.4
Europe,Ireland,2004,56.4
Europe,Switzerland,2004,56.7
Eastern Mediterranean,Pakistan,2004,6.8
Europe,Tajikistan,2004,60.44
Europe,Bulgaria,2004,61.31
Europe,Luxembourg,2004,63.9
Europe,Republic of Moldova,2004,64.13
Europe,Belgium,2004,64.8
Europe,Poland,2004,66.7
Europe,Romania,2004,67.41
Europe,Slovakia,2004,69.1
Eastern Mediterranean,Sudan,2004,7.1
Europe,Finland,2004,71
Europe,France,2004,73.9
Europe,Malta,2004,74.56
Europe,Lithuania,2004,75.7
Europe,Czechia,2004,76.5
Europe,Austria,2004,77.3
Europe,Kazakhstan,2004,77.69
Europe,Hungary,2004,78.9
Europe,Latvia,2004,79.1
Eastern Mediterranean,Morocco,2004,8.7
Europe,Azerbaijan,2004,82.4
Europe,Germany,2004,85.8
Europe,Ukraine,2004,87.29
Americas,Mexico,2003,10.6
Europe,Russian Federation,2003,110.4
Europe,Belarus,2003,113.4
Eastern Mediterranean,Iraq,2003,13.1
Eastern Mediterranean,Syrian Arab Republic,2003,14.9
Western Pacific,Japan,2003,142.6
Americas,Costa Rica,2003,15.4
Eastern Mediterranean,Djibouti,2003,16.1
Eastern Mediterranean,Iran (Islamic Republic of),2003,16.3
Eastern Mediterranean,Jordan,2003,17
Eastern Mediterranean,Tunisia,2003,17.1
Western Pacific,China,2003,17.3
Eastern Mediterranean,Oman,2003,20.4
Eastern Mediterranean,Egypt,2003,21.7
Eastern Mediterranean,United Arab Emirates,2003,21.9
Eastern Mediterranean,Kuwait,2003,22
Eastern Mediterranean,Saudi Arabia,2003,22.4
Eastern Mediterranean,Qatar,2003,23.6
Americas,Brazil,2003,24.2
Europe,Türkiye,2003,24.8
Americas,Chile,2003,25.1
Eastern Mediterranean,Bahrain,2003,28.1
Eastern Mediterranean,Afghanistan,2003,3.9
Eastern Mediterranean,Lebanon,2003,30
Europe,Sweden,2003,30.5
Europe,Albania,2003,30.66
Europe,Bosnia and Herzegovina,2003,31.67
Americas,United States of America,2003,33.3
Europe,Spain,2003,34.4
Americas,Canada,2003,35
Europe,Portugal,2003,35.8
Europe,Israel,2003,38.6
Eastern Mediterranean,Libya,2003,39
Europe,United Kingdom of Great Britain and Northern Ireland,2003,39.5
Western Pacific,Australia,2003,39.7
Eastern Mediterranean,Somalia,2003,4.2
Europe,Denmark,2003,41.3
Europe,Italy,2003,41.8
Europe,Georgia,2003,41.93
Europe,Montenegro,2003,42.24
Europe,Armenia,2003,44.24
Europe,Netherlands,2003,45.8
Europe,Greece,2003,47.4
Europe,The former Yugoslav Republic of Macedonia,2003,48.07
Europe,Slovenia,2003,49.6
Europe,Norway,2003,49.9
Eastern Mediterranean,Yemen,2003,5.9
Europe,Turkmenistan,2003,50.78
Western Pacific,Republic of Korea,2003,50.9
Europe,Kyrgyzstan,2003,53.07
Europe,Uzbekistan,2003,54.79
Europe,Croatia,2003,56.12
Europe,Ireland,2003,56.7
Europe,Estonia,2003,57.3
Europe,Switzerland,2003,58.2
Eastern Mediterranean,Pakistan,2003,6.8
Europe,Tajikistan,2003,61.22
Europe,Bulgaria,2003,62.85
Europe,Belgium,2003,65.3
Europe,Republic of Moldova,2003,66.7
Europe,Poland,2003,66.8
Europe,Romania,2003,67.46
Eastern Mediterranean,Sudan,2003,7.3
Eastern Mediterranean,Morocco,2003,7.8
Europe,Finland,2003,72.4
Europe,Slovakia,2003,72.5
Europe,Malta,2003,74.29
Europe,France,2003,75.5
Europe,Kazakhstan,2003,76.99
Europe,Austria,2003,77.3
Europe,Czechia,2003,77.3
Europe,Lithuania,2003,78.5
Europe,Hungary,2003,79
Europe,Latvia,2003,79.5
Europe,Azerbaijan,2003,82.73
Europe,Germany,2003,87.4
Europe,Ukraine,2003,88.11
Americas,Mexico,2002,10.9
Eastern Mediterranean,Morocco,2002,10.9
Europe,Russian Federation,2002,111.5
Europe,Belarus,2002,119.4
Eastern Mediterranean,Iraq,2002,12.7
Eastern Mediterranean,Syrian Arab Republic,2002,13.8
Western Pacific,Japan,2002,144.3
Americas,Costa Rica,2002,15.7
Eastern Mediterranean,Iran (Islamic Republic of),2002,16.3
Western Pacific,China,2002,17
Eastern Mediterranean,Jordan,2002,17
Eastern Mediterranean,Tunisia,2002,17.1
Eastern Mediterranean,Djibouti,2002,17.5
Eastern Mediterranean,Oman,2002,20.4
Eastern Mediterranean,Egypt,2002,21
Eastern Mediterranean,United Arab Emirates,2002,21.9
Eastern Mediterranean,Kuwait,2002,22
Eastern Mediterranean,Saudi Arabia,2002,22.4
Eastern Mediterranean,Qatar,2002,23.6
Europe,Türkiye,2002,24.9
Americas,Chile,2002,25.4
Americas,Brazil,2002,25.9
Eastern Mediterranean,Bahrain,2002,28.6
Eastern Mediterranean,Afghanistan,2002,3.9
Eastern Mediterranean,Lebanon,2002,30
Africa,South Africa,2002,31
Europe,Sweden,2002,31.3
Europe,Albania,2002,31.41
Europe,Bosnia and Herzegovina,2002,32.06
Americas,United States of America,2002,33.9
Europe,Spain,2002,35.3
Europe,Portugal,2002,35.7
Americas,Canada,2002,36.4
Europe,Israel,2002,38.1
Eastern Mediterranean,Libya,2002,39
Western Pacific,Australia,2002,39.3
Europe,United Kingdom of Great Britain and Northern Ireland,2002,39.8
Eastern Mediterranean,Somalia,2002,4.2
Europe,Montenegro,2002,41.97
Europe,Georgia,2002,41.98
Europe,Denmark,2002,42.9
Europe,Armenia,2002,43.48
Europe,Italy,2002,44.4
Europe,Netherlands,2002,46.9
Europe,Greece,2002,47.5
Western Pacific,Republic of Korea,2002,48.3
Europe,The former Yugoslav Republic of Macedonia,2002,48.36
Europe,Norway,2002,49.9
Eastern Mediterranean,Yemen,2002,5.9
Europe,Turkmenistan,2002,50.22
Europe,Slovenia,2002,50.9
Europe,Kyrgyzstan,2002,55.28
Europe,Uzbekistan,2002,55.39
Europe,Croatia,2002,56.69
Europe,Ireland,2002,57.8
Europe,Switzerland,2002,59.5
Europe,Estonia,2002,59.8
South-East Asia,India,2002,6.3
Eastern Mediterranean,Pakistan,2002,6.9
Europe,Tajikistan,2002,62.74
Europe,Bulgaria,2002,64.85
Europe,Belgium,2002,65.4
Europe,Republic of Moldova,2002,67.47
Eastern Mediterranean,Sudan,2002,7.3
Europe,Kazakhstan,2002,70.18
Europe,Finland,2002,73.5
Europe,Malta,2002,74.83
Europe,Slovakia,2002,75.7
Europe,Romania,2002,76.67
Europe,France,2002,77.1
Europe,Czechia,2002,77.6
Europe,Austria,2002,78.1
Europe,Latvia,2002,78.7
Europe,Hungary,2002,79.1
Europe,Lithuania,2002,81
Europe,Azerbaijan,2002,84.05
Europe,Germany,2002,88.7
Europe,Ukraine,2002,88.93
Americas,Mexico,2001,10.8
Europe,Russian Federation,2001,113.3
Europe,Belarus,2001,125.8
Eastern Mediterranean,Iraq,2001,13
Eastern Mediterranean,Syrian Arab Republic,2001,14
Western Pacific,Japan,2001,145.8
Eastern Mediterranean,Iran (Islamic Republic of),2001,15.9
Americas,Costa Rica,2001,16.1
Western Pacific,China,2001,16.6
Eastern Mediterranean,Jordan,2001,17
Eastern Mediterranean,Tunisia,2001,17.3
Eastern Mediterranean,Djibouti,2001,17.5
Eastern Mediterranean,Egypt,2001,21
Eastern Mediterranean,Oman,2001,21
Europe,Türkiye,2001,21.6
Eastern Mediterranean,United Arab Emirates,2001,22.8
Eastern Mediterranean,Kuwait,2001,23
Eastern Mediterranean,Qatar,2001,24.2
Americas,Chile,2001,26.2
Americas,Brazil,2001,27.8
Eastern Mediterranean,Bahrain,2001,28.2
Eastern Mediterranean,Afghanistan,2001,3.9
Eastern Mediterranean,Lebanon,2001,30
Eastern Mediterranean,Saudi Arabia,2001,32.3
Europe,Bosnia and Herzegovina,2001,32.43
Europe,Albania,2001,32.55
Europe,Sweden,2001,32.7
Americas,United States of America,2001,34.7
Europe,Spain,2001,35.8
Europe,Portugal,2001,36.5
Americas,Canada,2001,36.9
Europe,Norway,2001,38.2
Eastern Mediterranean,Libya,2001,38.5
Europe,Israel,2001,38.6
Western Pacific,Australia,2001,39.5
Eastern Mediterranean,Somalia,2001,4.2
Europe,United Kingdom of Great Britain and Northern Ireland,2001,40.4
Europe,Denmark,2001,42.2
Europe,Montenegro,2001,42.53
Western Pacific,Republic of Korea,2001,44.5
Europe,Georgia,2001,44.52
Europe,Italy,2001,46.1
Europe,Netherlands,2001,47.5
Europe,Greece,2001,48.1
Europe,The former Yugoslav Republic of Macedonia,2001,49.36
Eastern Mediterranean,Yemen,2001,5.9
Europe,Armenia,2001,50.25
Europe,Turkmenistan,2001,51.33
Europe,Slovenia,2001,51.6
Europe,Uzbekistan,2001,53.4
Europe,Ireland,2001,58.6
Europe,Croatia,2001,59.99
South-East Asia,India,2001,6.4
Eastern Mediterranean,Pakistan,2001,6.6
Europe,Switzerland,2001,60.4
Europe,Kyrgyzstan,2001,61.52
Europe,Tajikistan,2001,63.98
Europe,Estonia,2001,66
Europe,Belgium,2001,66.2
Europe,Republic of Moldova,2001,68.96
Europe,Kazakhstan,2001,69.69
Eastern Mediterranean,Sudan,2001,7.4
Europe,Bulgaria,2001,72.01
Europe,Finland,2001,74.6
Europe,Malta,2001,75.67
Europe,Slovakia,2001,76.7
Europe,Romania,2001,77.37
Europe,Czechia,2001,77.7
Europe,France,2001,78.3
Europe,Austria,2001,78.5
Europe,Hungary,2001,79.2
Eastern Mediterranean,Morocco,2001,8.7
Europe,Latvia,2001,82.8
Europe,Lithuania,2001,83.3
Europe,Azerbaijan,2001,85.1
Europe,Ukraine,2001,87.91
Europe,Germany,2001,90.1
Americas,Mexico,2000,10.5
Eastern Mediterranean,Morocco,2000,11
Europe,Russian Federation,2000,114
Eastern Mediterranean,Iraq,2000,12
Europe,Belarus,2000,126.1
Eastern Mediterranean,Syrian Arab Republic,2000,14
Western Pacific,Japan,2000,146.9
Eastern Mediterranean,Iran (Islamic Republic of),2000,15.9
Americas,Costa Rica,2000,16.5
Western Pacific,China,2000,16.8
Eastern Mediterranean,Jordan,2000,17
Eastern Mediterranean,Tunisia,2000,17.3
Eastern Mediterranean,Djibouti,2000,17.5
Eastern Mediterranean,Egypt,2000,21
Europe,Türkiye,2000,21
Eastern Mediterranean,Oman,2000,21.8
Eastern Mediterranean,Saudi Arabia,2000,23
Western Pacific,Viet Nam,2000,23.4
Eastern Mediterranean,Qatar,2000,23.6
Eastern Mediterranean,United Arab Emirates,2000,23.8
Eastern Mediterranean,Kuwait,2000,24
Western Pacific,Brunei Darussalam,2000,24.6
Americas,Chile,2000,27.2
Eastern Mediterranean,Bahrain,2000,27.5
Americas,Brazil,2000,28.2
Eastern Mediterranean,Afghanistan,2000,3
Eastern Mediterranean,Lebanon,2000,30.7
Europe,Albania,2000,32.63
Europe,Bosnia and Herzegovina,2000,33.8
Americas,United States of America,2000,34.9
Europe,Sweden,2000,35.8
Europe,Spain,2000,36.5
Europe,Portugal,2000,37.1
Americas,Canada,2000,37.7
Europe,Norway,2000,38
Europe,Israel,2000,38.5
Eastern Mediterranean,Somalia,2000,4.2
Western Pacific,Australia,2000,40.4
Europe,United Kingdom of Great Britain and Northern Ireland,2000,40.8
Eastern Mediterranean,Libya,2000,41.2
Europe,Montenegro,2000,42.24
Europe,Denmark,2000,42.9
Europe,Cyprus,2000,45.24
Western Pacific,Republic of Korea,2000,46.5
Europe,Italy,2000,47.1
Europe,Greece,2000,47.7
Europe,Georgia,2000,48.08
Europe,Netherlands,2000,49.2
Eastern Mediterranean,Yemen,2000,5.9
Europe,The former Yugoslav Republic of Macedonia,2000,50.57
Europe,Uzbekistan,2000,53.34
Europe,Turkmenistan,2000,53.58
Europe,Slovenia,2000,54
Europe,Malta,2000,54.77
South-East Asia,India,2000,6.5
Eastern Mediterranean,Pakistan,2000,6.7
Europe,Ireland,2000,61.3
Europe,Croatia,2000,61.52
Europe,Switzerland,2000,62.9
Europe,Armenia,2000,64.44
Europe,Tajikistan,2000,65.39
Europe,Belgium,2000,67.2
Europe,Estonia,2000,70.4
Europe,Kyrgyzstan,2000,70.41
Europe,Republic of Moldova,2000,70.84
Europe,Kazakhstan,2000,71.92
Europe,Bulgaria,2000,74.11
Europe,Finland,2000,75.4
Europe,Romania,2000,76.96
Europe,Czechia,2000,78
Europe,Slovakia,2000,78.6
Europe,Austria,2000,79.5
Europe,France,2000,79.7
Eastern Mediterranean,Sudan,2000,8.1
Europe,Hungary,2000,81.6
Europe,Azerbaijan,2000,86.85
Europe,Latvia,2000,87.7
Europe,Ukraine,2000,88.16
Europe,Lithuania,2000,88.3
Europe,Germany,2000,91.2
