Indicator,ParentLocation,Location,Period,FactValueNumeric
Specialist medical practitioners (number),Americas,Uruguay,2021,10931
Specialist medical practitioners (number),Western Pacific,New Zealand,2021,11341
Specialist medical practitioners (number),Europe,Norway,2021,11879
Specialist medical practitioners (number),Americas,El Salvador,2021,14977
Specialist medical practitioners (number),Europe,Montenegro,2021,1417
Specialist medical practitioners (number),Europe,United Kingdom of Great Britain and Northern Ireland,2021,158855
Specialist medical practitioners (number),South-East Asia,Bhutan,2021,169
Specialist medical practitioners (number),Europe,Georgia,2021,19351
Specialist medical practitioners (number),Americas,Peru,2021,19379
Specialist medical practitioners (number),Europe,Italy,2021,194405
Specialist medical practitioners (number),Europe,Israel,2021,22049
Specialist medical practitioners (number),Western Pacific,Papua New Guinea,2021,220
Specialist medical practitioners (number),Europe,Switzerland,2021,23573
Specialist medical practitioners (number),Africa,Chad,2021,260
Specialist medical practitioners (number),Europe,Austria,2021,27194
Specialist medical practitioners (number),Africa,Kenya,2021,2845
Specialist medical practitioners (number),Americas,Chile,2021,29804
Specialist medical practitioners (number),South-East Asia,Sri Lanka,2021,3296
Specialist medical practitioners (number),Americas,Colombia,2021,35095
Specialist medical practitioners (number),Africa,Togo,2021,357
Specialist medical practitioners (number),Americas,Canada,2021,46661
Specialist medical practitioners (number),South-East Asia,Indonesia,2021,48208
Specialist medical practitioners (number),Americas,Costa Rica,2021,5574
Specialist medical practitioners (number),Eastern Mediterranean,Saudi Arabia,2021,68333
Specialist medical practitioners (number),Western Pacific,Lao People's Democratic Republic,2021,690
Specialist medical practitioners (number),Africa,Mozambique,2021,804
Specialist medical practitioners (number),Europe,Ireland,2021,8513
Specialist medical practitioners (number),Africa,Burundi,2021,87
Specialist medical practitioners (number),South-East Asia,Nepal,2021,8862
Specialist medical practitioners (number),Africa,Cameroon,2021,897
Specialist medical practitioners (number),Africa,Guinea-Bissau,2021,9
Specialist medical practitioners (number),Western Pacific,Palau,2020,1
Specialist medical practitioners (number),Americas,United States of America,2020,1058559
Specialist medical practitioners (number),Africa,Guinea-Bissau,2020,10
Specialist medical practitioners (number),Western Pacific,New Zealand,2020,10939
Specialist medical practitioners (number),Africa,Senegal,2020,1076
Specialist medical practitioners (number),Europe,Norway,2020,11538
Specialist medical practitioners (number),Europe,Finland,2020,11876
Specialist medical practitioners (number),Europe,Türkiye,2020,115151
Specialist medical practitioners (number),Europe,Spain,2020,116345
Specialist medical practitioners (number),Western Pacific,Tonga,2020,12
Specialist medical practitioners (number),Eastern Mediterranean,Iraq,2020,12807
Specialist medical practitioners (number),Europe,France,2020,120306
Specialist medical practitioners (number),South-East Asia,Bhutan,2020,130
Specialist medical practitioners (number),Europe,Montenegro,2020,1405
Specialist medical practitioners (number),Europe,United Kingdom of Great Britain and Northern Ireland,2020,151873
Specialist medical practitioners (number),Europe,Georgia,2020,17071
Specialist medical practitioners (number),Europe,Italy,2020,187490
Specialist medical practitioners (number),Americas,Mexico,2020,194890
Specialist medical practitioners (number),Western Pacific,Micronesia (Federated States of),2020,21
Specialist medical practitioners (number),Europe,Israel,2020,21294
Specialist medical practitioners (number),Africa,Chad,2020,219
Specialist medical practitioners (number),Europe,Belgium,2020,22890
Specialist medical practitioners (number),Europe,Switzerland,2020,23028
Specialist medical practitioners (number),Europe,Hungary,2020,24085
Specialist medical practitioners (number),Americas,Colombia,2020,26409
Specialist medical practitioners (number),Europe,Austria,2020,26410
Specialist medical practitioners (number),Europe,Portugal,2020,27728
Specialist medical practitioners (number),South-East Asia,Sri Lanka,2020,2700
Specialist medical practitioners (number),Americas,Chile,2020,28187
Specialist medical practitioners (number),Africa,Ethiopia,2020,2813
Specialist medical practitioners (number),Europe,Germany,2020,286085
Specialist medical practitioners (number),Africa,Eswatini,2020,29
Specialist medical practitioners (number),Western Pacific,Tuvalu,2020,3
Specialist medical practitioners (number),Africa,Malawi,2020,319
Specialist medical practitioners (number),South-East Asia,Indonesia,2020,32418
Specialist medical practitioners (number),Americas,Panama,2020,3269
Specialist medical practitioners (number),Africa,Togo,2020,331
Specialist medical practitioners (number),Europe,Albania,2020,3316
Specialist medical practitioners (number),Europe,Czechia,2020,35433
Specialist medical practitioners (number),Europe,Netherlands,2020,35833
Specialist medical practitioners (number),Western Pacific,Australia,2020,38399
Specialist medical practitioners (number),Africa,Gambia,2020,39
Specialist medical practitioners (number),Europe,Estonia,2020,3903
Specialist medical practitioners (number),Eastern Mediterranean,Oman,2020,4326
Specialist medical practitioners (number),Americas,Canada,2020,45376
Specialist medical practitioners (number),Europe,Latvia,2020,4930
Specialist medical practitioners (number),Europe,Slovenia,2020,5311
Specialist medical practitioners (number),Americas,Costa Rica,2020,5556
Specialist medical practitioners (number),Americas,Guatemala,2020,5640
Specialist medical practitioners (number),South-East Asia,Timor-Leste,2020,60
Specialist medical practitioners (number),Africa,Sierra Leone,2020,61
Specialist medical practitioners (number),Western Pacific,Lao People's Democratic Republic,2020,701
Specialist medical practitioners (number),Eastern Mediterranean,Saudi Arabia,2020,74003
Specialist medical practitioners (number),Europe,Ireland,2020,7871
Specialist medical practitioners (number),South-East Asia,Nepal,2020,8315
Specialist medical practitioners (number),Africa,Gabon,2020,835
Specialist medical practitioners (number),Western Pacific,Samoa,2020,9
Specialist medical practitioners (number),Africa,Mozambique,2020,918
Specialist medical practitioners (number),Africa,Cameroon,2020,919
Specialist medical practitioners (number),Western Pacific,Republic of Korea,2020,94565
Specialist medical practitioners (number),Europe,Lithuania,2020,9801
Specialist medical practitioners (number),Americas,United States of America,2019,1041165
Specialist medical practitioners (number),Europe,Denmark,2019,10832
Specialist medical practitioners (number),Africa,Ghana,2019,1055
Specialist medical practitioners (number),Europe,Türkiye,2019,108530
Specialist medical practitioners (number),Africa,Senegal,2019,1082
Specialist medical practitioners (number),Europe,Norway,2019,11217
Specialist medical practitioners (number),Europe,Finland,2019,11756
Specialist medical practitioners (number),Europe,Spain,2019,112784
Specialist medical practitioners (number),Europe,France,2019,118759
Specialist medical practitioners (number),South-East Asia,Bhutan,2019,122
Specialist medical practitioners (number),Europe,Montenegro,2019,1398
Specialist medical practitioners (number),Europe,United Kingdom of Great Britain and Northern Ireland,2019,145367
Specialist medical practitioners (number),Americas,Trinidad and Tobago,2019,1649
Specialist medical practitioners (number),Europe,Italy,2019,189390
Specialist medical practitioners (number),Americas,Mexico,2019,197882
Specialist medical practitioners (number),Europe,Israel,2019,20450
Specialist medical practitioners (number),Africa,Chad,2019,202
Specialist medical practitioners (number),Europe,Georgia,2019,21519
Specialist medical practitioners (number),Europe,Belgium,2019,22450
Specialist medical practitioners (number),Europe,Switzerland,2019,22557
Specialist medical practitioners (number),Europe,Sweden,2019,22825
Specialist medical practitioners (number),Americas,Colombia,2019,25555
Specialist medical practitioners (number),Europe,Austria,2019,25626
Specialist medical practitioners (number),Americas,Chile,2019,26601
Specialist medical practitioners (number),Europe,Hungary,2019,26742
Specialist medical practitioners (number),Europe,Portugal,2019,26998
Specialist medical practitioners (number),South-East Asia,Sri Lanka,2019,2605
Specialist medical practitioners (number),Europe,Albania,2019,2729
Specialist medical practitioners (number),Europe,Germany,2019,282051
Specialist medical practitioners (number),Americas,Panama,2019,3269
Specialist medical practitioners (number),Europe,Czechia,2019,34601
Specialist medical practitioners (number),Europe,Netherlands,2019,35014
Specialist medical practitioners (number),Europe,Estonia,2019,3501
Specialist medical practitioners (number),Africa,Togo,2019,397
Specialist medical practitioners (number),South-East Asia,Timor-Leste,2019,40
Specialist medical practitioners (number),Eastern Mediterranean,Egypt,2019,42979
Specialist medical practitioners (number),Eastern Mediterranean,Oman,2019,4357
Specialist medical practitioners (number),Americas,Canada,2019,45243
Specialist medical practitioners (number),Western Pacific,Australia,2019,46768
Specialist medical practitioners (number),Eastern Mediterranean,Pakistan,2019,47834
Specialist medical practitioners (number),Europe,Latvia,2019,4884
Specialist medical practitioners (number),South-East Asia,Maldives,2019,493
Specialist medical practitioners (number),Europe,Slovenia,2019,5190
Specialist medical practitioners (number),Europe,Greece,2019,54049
Specialist medical practitioners (number),Europe,Republic of Moldova,2019,5613
Specialist medical practitioners (number),Americas,Brazil,2019,65383
Specialist medical practitioners (number),South-East Asia,Indonesia,2019,65874
Specialist medical practitioners (number),Western Pacific,Lao People's Democratic Republic,2019,669
Specialist medical practitioners (number),Europe,Ireland,2019,7298
Specialist medical practitioners (number),South-East Asia,Nepal,2019,7758
Specialist medical practitioners (number),Europe,Iceland,2019,817
Specialist medical practitioners (number),Americas,Dominican Republic,2019,8333
Specialist medical practitioners (number),Africa,Gambia,2019,85
Specialist medical practitioners (number),Africa,Gabon,2019,851
Specialist medical practitioners (number),Africa,Mozambique,2019,855
Specialist medical practitioners (number),Western Pacific,Papua New Guinea,2019,86
Specialist medical practitioners (number),Africa,Burkina Faso,2019,884
Specialist medical practitioners (number),Western Pacific,Republic of Korea,2019,92522
Specialist medical practitioners (number),Western Pacific,New Zealand,2019,9754
Specialist medical practitioners (number),Europe,Lithuania,2019,9885
Specialist medical practitioners (number),Europe,Denmark,2018,10557
Specialist medical practitioners (number),Europe,Norway,2018,10854
Specialist medical practitioners (number),Africa,Mali,2018,1037
Specialist medical practitioners (number),Europe,Türkiye,2018,104440
Specialist medical practitioners (number),Africa,Ghana,2018,1090
Specialist medical practitioners (number),Americas,Trinidad and Tobago,2018,1098
Specialist medical practitioners (number),Europe,Finland,2018,11645
Specialist medical practitioners (number),South-East Asia,Bhutan,2018,110
Specialist medical practitioners (number),Africa,Seychelles,2018,115
Specialist medical practitioners (number),Europe,France,2018,116421
Specialist medical practitioners (number),Africa,Gambia,2018,117
Specialist medical practitioners (number),Africa,Liberia,2018,12
Specialist medical practitioners (number),Africa,Eritrea,2018,120
Specialist medical practitioners (number),Africa,Mauritius,2018,1207
Specialist medical practitioners (number),Europe,Spain,2018,121744
Specialist medical practitioners (number),Africa,Côte d’Ivoire,2018,1356
Specialist medical practitioners (number),Africa,Guinea,2018,138
Specialist medical practitioners (number),Europe,United Kingdom of Great Britain and Northern Ireland,2018,138726
Specialist medical practitioners (number),Europe,Montenegro,2018,1394
Specialist medical practitioners (number),Africa,South Africa,2018,14192
Specialist medical practitioners (number),Africa,Chad,2018,157
Specialist medical practitioners (number),Africa,Malawi,2018,178
Specialist medical practitioners (number),Africa,Uganda,2018,179
Specialist medical practitioners (number),Africa,Lesotho,2018,183
Specialist medical practitioners (number),Europe,Italy,2018,187303
Specialist medical practitioners (number),Europe,Israel,2018,19788
Specialist medical practitioners (number),Africa,Burundi,2018,195
Specialist medical practitioners (number),Americas,Mexico,2018,197818
Specialist medical practitioners (number),Europe,Belgium,2018,22062
Specialist medical practitioners (number),Europe,Switzerland,2018,22196
Specialist medical practitioners (number),Europe,Georgia,2018,22346
Specialist medical practitioners (number),Americas,Nicaragua,2018,2243
Specialist medical practitioners (number),Europe,Sweden,2018,23026
Specialist medical practitioners (number),Europe,Austria,2018,23246
Specialist medical practitioners (number),Americas,Chile,2018,23490
Specialist medical practitioners (number),South-East Asia,Sri Lanka,2018,2316
Specialist medical practitioners (number),Africa,Kenya,2018,2440
Specialist medical practitioners (number),Americas,Colombia,2018,25060
Specialist medical practitioners (number),Europe,Hungary,2018,25903
Specialist medical practitioners (number),Africa,Ethiopia,2018,2528
Specialist medical practitioners (number),Europe,Portugal,2018,26814
Specialist medical practitioners (number),Africa,Congo,2018,275
Specialist medical practitioners (number),Europe,Germany,2018,276285
Specialist medical practitioners (number),Africa,Guinea-Bissau,2018,28
Specialist medical practitioners (number),Africa,Cabo Verde,2018,287
Specialist medical practitioners (number),Eastern Mediterranean,Occupied Palestinian territory,2018,2910
Specialist medical practitioners (number),Africa,Nigeria,2018,3035
Specialist medical practitioners (number),Americas,Panama,2018,3183
Specialist medical practitioners (number),South-East Asia,Timor-Leste,2018,33
Specialist medical practitioners (number),Europe,Netherlands,2018,34549
Specialist medical practitioners (number),Eastern Mediterranean,Lebanon,2018,3414
Specialist medical practitioners (number),Americas,Jamaica,2018,348
Specialist medical practitioners (number),Europe,Estonia,2018,3508
Specialist medical practitioners (number),Africa,Angola,2018,3550
Specialist medical practitioners (number),South-East Asia,Maldives,2018,366
Specialist medical practitioners (number),Africa,Mauritania,2018,373
Specialist medical practitioners (number),Africa,Botswana,2018,38
Specialist medical practitioners (number),Africa,Algeria,2018,39830
Specialist medical practitioners (number),Africa,Togo,2018,392
Specialist medical practitioners (number),Africa,Namibia,2018,401
Specialist medical practitioners (number),Eastern Mediterranean,Oman,2018,4174
Specialist medical practitioners (number),Eastern Mediterranean,Iran (Islamic Republic of),2018,43304
Specialist medical practitioners (number),Western Pacific,Australia,2018,45820
Specialist medical practitioners (number),Africa,United Republic of Tanzania,2018,451
Specialist medical practitioners (number),Eastern Mediterranean,Qatar,2018,4937
Specialist medical practitioners (number),Europe,Latvia,2018,4956
Specialist medical practitioners (number),Europe,Slovenia,2018,5012
Specialist medical practitioners (number),South-East Asia,Indonesia,2018,53671
Specialist medical practitioners (number),Africa,Rwanda,2018,534
Specialist medical practitioners (number),Europe,Greece,2018,55161
Specialist medical practitioners (number),Africa,Benin,2018,562
Specialist medical practitioners (number),Americas,Costa Rica,2018,5926
Specialist medical practitioners (number),Africa,Zimbabwe,2018,619
Specialist medical practitioners (number),Western Pacific,Lao People's Democratic Republic,2018,621
Specialist medical practitioners (number),Africa,Madagascar,2018,637
Specialist medical practitioners (number),South-East Asia,Nepal,2018,6383
Specialist medical practitioners (number),Africa,Sierra Leone,2018,66
Specialist medical practitioners (number),Africa,Eswatini,2018,67
Specialist medical practitioners (number),Eastern Mediterranean,Saudi Arabia,2018,68170
Specialist medical practitioners (number),Europe,Ireland,2018,6977
Specialist medical practitioners (number),Africa,Central African Republic,2018,72
Specialist medical practitioners (number),Africa,South Sudan,2018,73
Specialist medical practitioners (number),Africa,Democratic Republic of the Congo,2018,778
Specialist medical practitioners (number),Africa,Mozambique,2018,778
Specialist medical practitioners (number),Africa,Gabon,2018,798
Specialist medical practitioners (number),Europe,Iceland,2018,802
Specialist medical practitioners (number),Africa,Cameroon,2018,859
Specialist medical practitioners (number),Western Pacific,Republic of Korea,2018,89747
Specialist medical practitioners (number),Africa,Comoros,2018,90
Specialist medical practitioners (number),Western Pacific,New Zealand,2018,9062
Specialist medical practitioners (number),Africa,Burkina Faso,2018,952
Specialist medical practitioners (number),Europe,Lithuania,2018,9997
Specialist medical practitioners (number),Europe,Denmark,2017,10361
Specialist medical practitioners (number),Europe,Norway,2017,10481
Specialist medical practitioners (number),Europe,Türkiye,2017,101998
Specialist medical practitioners (number),Europe,Finland,2017,11617
Specialist medical practitioners (number),Europe,France,2017,115654
Specialist medical practitioners (number),Europe,Spain,2017,118356
Specialist medical practitioners (number),Europe,Luxembourg,2017,1246
Specialist medical practitioners (number),Europe,United Kingdom of Great Britain and Northern Ireland,2017,136097
Specialist medical practitioners (number),Americas,Honduras,2017,1365
Specialist medical practitioners (number),Eastern Mediterranean,Morocco,2017,16909
Specialist medical practitioners (number),Europe,Georgia,2017,18417
Specialist medical practitioners (number),Europe,Italy,2017,187821
Specialist medical practitioners (number),Americas,Mexico,2017,189741
Specialist medical practitioners (number),Europe,Israel,2017,19216
Specialist medical practitioners (number),Africa,Burundi,2017,195
Specialist medical practitioners (number),Europe,Belgium,2017,21630
Specialist medical practitioners (number),Europe,Switzerland,2017,21658
Specialist medical practitioners (number),Americas,Suriname,2017,211
Specialist medical practitioners (number),Americas,Chile,2017,22095
Specialist medical practitioners (number),Europe,Sweden,2017,22694
Specialist medical practitioners (number),South-East Asia,Sri Lanka,2017,2226
Specialist medical practitioners (number),Americas,Colombia,2017,23581
Specialist medical practitioners (number),Europe,Austria,2017,24218
Specialist medical practitioners (number),Europe,Hungary,2017,25615
Specialist medical practitioners (number),Europe,Portugal,2017,25642
Specialist medical practitioners (number),Europe,Germany,2017,271011
Specialist medical practitioners (number),Eastern Mediterranean,Occupied Palestinian territory,2017,2863
Specialist medical practitioners (number),Americas,Brazil,2017,296177
Specialist medical practitioners (number),Americas,Panama,2017,3024
Specialist medical practitioners (number),South-East Asia,Timor-Leste,2017,33
Specialist medical practitioners (number),Europe,Netherlands,2017,34000
Specialist medical practitioners (number),Europe,Estonia,2017,3510
Specialist medical practitioners (number),Africa,Togo,2017,353
Specialist medical practitioners (number),South-East Asia,Maldives,2017,368
Specialist medical practitioners (number),Eastern Mediterranean,Iran (Islamic Republic of),2017,39127
Specialist medical practitioners (number),Eastern Mediterranean,Oman,2017,4035
Specialist medical practitioners (number),Eastern Mediterranean,Libya,2017,4391
Specialist medical practitioners (number),Western Pacific,Australia,2017,44304
Specialist medical practitioners (number),Africa,Zimbabwe,2017,446
Specialist medical practitioners (number),Europe,Slovenia,2017,4758
Specialist medical practitioners (number),Europe,Latvia,2017,4811
Specialist medical practitioners (number),Western Pacific,Lao People's Democratic Republic,2017,497
Specialist medical practitioners (number),Europe,Greece,2017,53258
Specialist medical practitioners (number),Africa,Rwanda,2017,534
Specialist medical practitioners (number),South-East Asia,Indonesia,2017,54316
Specialist medical practitioners (number),South-East Asia,Nepal,2017,6079
Specialist medical practitioners (number),Africa,Mozambique,2017,625
Specialist medical practitioners (number),South-East Asia,Bhutan,2017,67
Specialist medical practitioners (number),Europe,Ireland,2017,6861
Specialist medical practitioners (number),Africa,Burkina Faso,2017,738
Specialist medical practitioners (number),Europe,Poland,2017,74376
Specialist medical practitioners (number),Europe,Iceland,2017,796
Specialist medical practitioners (number),Africa,Gambia,2017,80
Specialist medical practitioners (number),South-East Asia,Democratic People's Republic of Korea,2017,80553
Specialist medical practitioners (number),Africa,Gabon,2017,838
Specialist medical practitioners (number),Eastern Mediterranean,Tunisia,2017,8401
Specialist medical practitioners (number),Africa,Ghana,2017,861
Specialist medical practitioners (number),Western Pacific,Republic of Korea,2017,87978
Specialist medical practitioners (number),Western Pacific,New Zealand,2017,8797
Specialist medical practitioners (number),Europe,Lithuania,2017,9916
Specialist medical practitioners (number),Europe,Denmark,2016,10095
Specialist medical practitioners (number),Europe,Finland,2016,11469
Specialist medical practitioners (number),Europe,France,2016,114419
Specialist medical practitioners (number),Europe,Spain,2016,117141
Specialist medical practitioners (number),Europe,Luxembourg,2016,1178
Specialist medical practitioners (number),South-East Asia,Maldives,2016,121
Specialist medical practitioners (number),Africa,Seychelles,2016,121
Specialist medical practitioners (number),South-East Asia,Thailand,2016,13492
Specialist medical practitioners (number),Europe,United Kingdom of Great Britain and Northern Ireland,2016,132657
Specialist medical practitioners (number),Africa,Guinea-Bissau,2016,14
Specialist medical practitioners (number),Europe,Georgia,2016,17307
Specialist medical practitioners (number),Europe,Serbia,2016,18537
Specialist medical practitioners (number),Europe,Israel,2016,18669
Specialist medical practitioners (number),Americas,Mexico,2016,180569
Specialist medical practitioners (number),Europe,Italy,2016,185579
Specialist medical practitioners (number),Americas,Chile,2016,20960
Specialist medical practitioners (number),Europe,Switzerland,2016,20993
Specialist medical practitioners (number),Americas,Suriname,2016,203
Specialist medical practitioners (number),Europe,Belgium,2016,21424
Specialist medical practitioners (number),South-East Asia,Sri Lanka,2016,2102
Specialist medical practitioners (number),Americas,Colombia,2016,22055
Specialist medical practitioners (number),Europe,Sweden,2016,22320
Specialist medical practitioners (number),Western Pacific,Mongolia,2016,2273
Specialist medical practitioners (number),Europe,Austria,2016,23814
Specialist medical practitioners (number),Americas,Honduras,2016,2370
Specialist medical practitioners (number),Europe,Portugal,2016,24905
Specialist medical practitioners (number),Africa,Congo,2016,261
Specialist medical practitioners (number),Europe,Germany,2016,265721
Specialist medical practitioners (number),Americas,Panama,2016,2950
Specialist medical practitioners (number),Africa,Rwanda,2016,324
Specialist medical practitioners (number),Europe,Netherlands,2016,33173
Specialist medical practitioners (number),Europe,Estonia,2016,3487
Specialist medical practitioners (number),Americas,Jamaica,2016,372
Specialist medical practitioners (number),Eastern Mediterranean,Oman,2016,3851
Specialist medical practitioners (number),Western Pacific,Australia,2016,43036
Specialist medical practitioners (number),Africa,Zimbabwe,2016,446
Specialist medical practitioners (number),Europe,Slovenia,2016,4514
Specialist medical practitioners (number),Western Pacific,Lao People's Democratic Republic,2016,457
Specialist medical practitioners (number),Europe,Latvia,2016,4883
Specialist medical practitioners (number),Western Pacific,Singapore,2016,5047
Specialist medical practitioners (number),Europe,Greece,2016,52839
Specialist medical practitioners (number),Europe,Ireland,2016,6627
Specialist medical practitioners (number),Europe,Poland,2016,75678
Specialist medical practitioners (number),Eastern Mediterranean,Tunisia,2016,7755
Specialist medical practitioners (number),Europe,Iceland,2016,818
Specialist medical practitioners (number),Western Pacific,New Zealand,2016,8189
Specialist medical practitioners (number),Western Pacific,Republic of Korea,2016,85707
Specialist medical practitioners (number),Americas,Uruguay,2016,8524
Specialist medical practitioners (number),Africa,Senegal,2016,887
Specialist medical practitioners (number),Europe,Norway,2016,9756
Specialist medical practitioners (number),Europe,Türkiye,2016,98720
Specialist medical practitioners (number),Europe,Lithuania,2016,9939
Specialist medical practitioners (number),Europe,Croatia,2015,10182
Specialist medical practitioners (number),Europe,Finland,2015,11401
Specialist medical practitioners (number),Europe,France,2015,112930
Specialist medical practitioners (number),Europe,Spain,2015,115392
Specialist medical practitioners (number),Europe,Luxembourg,2015,1158
Specialist medical practitioners (number),Europe,Montenegro,2015,1217
Specialist medical practitioners (number),Americas,Ecuador,2015,13016
Specialist medical practitioners (number),Europe,United Kingdom of Great Britain and Northern Ireland,2015,130719
Specialist medical practitioners (number),Europe,Georgia,2015,15001
Specialist medical practitioners (number),Europe,Serbia,2015,15601
Specialist medical practitioners (number),Europe,Italy,2015,179492
Specialist medical practitioners (number),Europe,Israel,2015,18213
Specialist medical practitioners (number),Americas,Mexico,2015,182218
Specialist medical practitioners (number),Americas,Suriname,2015,184
Specialist medical practitioners (number),South-East Asia,Sri Lanka,2015,1882
Specialist medical practitioners (number),Americas,Chile,2015,19812
Specialist medical practitioners (number),Europe,Switzerland,2015,20313
Specialist medical practitioners (number),Americas,Colombia,2015,20527
Specialist medical practitioners (number),Europe,Belgium,2015,20881
Specialist medical practitioners (number),Europe,Sweden,2015,21997
Specialist medical practitioners (number),Europe,Austria,2015,23702
Specialist medical practitioners (number),Europe,Cyprus,2015,2311
Specialist medical practitioners (number),Europe,Portugal,2015,24296
Specialist medical practitioners (number),Europe,Bulgaria,2015,24521
Specialist medical practitioners (number),Africa,Rwanda,2015,242
Specialist medical practitioners (number),Europe,Germany,2015,259928
Specialist medical practitioners (number),Africa,Togo,2015,264
Specialist medical practitioners (number),Americas,Panama,2015,2953
Specialist medical practitioners (number),Europe,Netherlands,2015,32654
Specialist medical practitioners (number),Americas,Jamaica,2015,323
Specialist medical practitioners (number),Europe,Estonia,2015,3440
Specialist medical practitioners (number),Eastern Mediterranean,Oman,2015,3794
Specialist medical practitioners (number),Africa,Central African Republic,2015,38
Specialist medical practitioners (number),Western Pacific,Australia,2015,40944
Specialist medical practitioners (number),Africa,Burundi,2015,41
Specialist medical practitioners (number),Europe,Slovenia,2015,4272
Specialist medical practitioners (number),Africa,Zimbabwe,2015,446
Specialist medical practitioners (number),South-East Asia,Indonesia,2015,47605
Specialist medical practitioners (number),Europe,Latvia,2015,4945
Specialist medical practitioners (number),Europe,Greece,2015,51596
Specialist medical practitioners (number),Europe,Bosnia and Herzegovina,2015,5419
Specialist medical practitioners (number),Europe,Ireland,2015,6011
Specialist medical practitioners (number),Western Pacific,Lao People's Democratic Republic,2015,611
Specialist medical practitioners (number),Europe,Armenia,2015,7028
Specialist medical practitioners (number),Europe,Iceland,2015,725
Specialist medical practitioners (number),Europe,Poland,2015,73819
Specialist medical practitioners (number),Western Pacific,New Zealand,2015,7609
Specialist medical practitioners (number),Western Pacific,Republic of Korea,2015,83456
Specialist medical practitioners (number),Europe,Republic of Moldova,2015,8385
Specialist medical practitioners (number),Europe,Malta,2015,891
Specialist medical practitioners (number),Europe,Norway,2015,9443
Specialist medical practitioners (number),Europe,Türkiye,2015,96613
Specialist medical practitioners (number),Europe,Lithuania,2015,9786
Specialist medical practitioners (number),Europe,Denmark,2015,9867
Specialist medical practitioners (number),Europe,Finland,2014,11250
Specialist medical practitioners (number),Europe,France,2014,111258
Specialist medical practitioners (number),Europe,Luxembourg,2014,1113
Specialist medical practitioners (number),Europe,Montenegro,2014,1125
Specialist medical practitioners (number),Europe,Spain,2014,113206
Specialist medical practitioners (number),Europe,Ukraine,2014,118737
Specialist medical practitioners (number),Europe,United Kingdom of Great Britain and Northern Ireland,2014,127025
Specialist medical practitioners (number),Europe,Georgia,2014,14513
Specialist medical practitioners (number),Europe,Serbia,2014,15460
Specialist medical practitioners (number),Americas,Mexico,2014,173390
Specialist medical practitioners (number),South-East Asia,Sri Lanka,2014,1731
Specialist medical practitioners (number),Africa,Rwanda,2014,174
Specialist medical practitioners (number),Europe,Azerbaijan,2014,18405
Specialist medical practitioners (number),Europe,Israel,2014,18461
Specialist medical practitioners (number),Americas,Chile,2014,18778
Specialist medical practitioners (number),Europe,Italy,2014,182426
Specialist medical practitioners (number),Americas,Colombia,2014,19164
Specialist medical practitioners (number),Europe,Switzerland,2014,19639
Specialist medical practitioners (number),Europe,Belgium,2014,20389
Specialist medical practitioners (number),Europe,Sweden,2014,21621
Specialist medical practitioners (number),Europe,Austria,2014,22902
Specialist medical practitioners (number),Europe,Cyprus,2014,2200
Specialist medical practitioners (number),Africa,Zimbabwe,2014,227
Specialist medical practitioners (number),Europe,Monaco,2014,229
Specialist medical practitioners (number),Europe,Portugal,2014,23725
Specialist medical practitioners (number),Europe,Bulgaria,2014,24054
Specialist medical practitioners (number),Europe,Germany,2014,252485
Specialist medical practitioners (number),South-East Asia,Maldives,2014,306
Specialist medical practitioners (number),Americas,Jamaica,2014,309
Specialist medical practitioners (number),Europe,Netherlands,2014,32151
Specialist medical practitioners (number),Europe,Estonia,2014,3361
Specialist medical practitioners (number),Western Pacific,Brunei Darussalam,2014,357
Specialist medical practitioners (number),Eastern Mediterranean,Oman,2014,3639
Specialist medical practitioners (number),Western Pacific,Cambodia,2014,376
Specialist medical practitioners (number),Western Pacific,Australia,2014,39253
Specialist medical practitioners (number),Europe,Slovenia,2014,4278
Specialist medical practitioners (number),Europe,Latvia,2014,5018
Specialist medical practitioners (number),Europe,Greece,2014,51520
Specialist medical practitioners (number),Africa,Burundi,2014,53
Specialist medical practitioners (number),Europe,Bosnia and Herzegovina,2014,5627
Specialist medical practitioners (number),Europe,Uzbekistan,2014,57279
Specialist medical practitioners (number),Europe,Ireland,2014,5753
Specialist medical practitioners (number),Western Pacific,Lao People's Democratic Republic,2014,610
Specialist medical practitioners (number),Europe,Kazakhstan,2014,62621
Specialist medical practitioners (number),Western Pacific,New Zealand,2014,6687
Specialist medical practitioners (number),Europe,Armenia,2014,6932
Specialist medical practitioners (number),Europe,Iceland,2014,722
Specialist medical practitioners (number),Europe,Poland,2014,73943
Specialist medical practitioners (number),Europe,Turkmenistan,2014,7954
Specialist medical practitioners (number),Europe,Malta,2014,798
Specialist medical practitioners (number),Western Pacific,Republic of Korea,2014,81395
Specialist medical practitioners (number),Europe,Republic of Moldova,2014,8352
Specialist medical practitioners (number),Europe,Norway,2014,9203
Specialist medical practitioners (number),Africa,United Republic of Tanzania,2014,929
Specialist medical practitioners (number),Europe,Türkiye,2014,94074
Specialist medical practitioners (number),Europe,Denmark,2014,9605
Specialist medical practitioners (number),Europe,Croatia,2014,9800
Specialist medical practitioners (number),Europe,Lithuania,2014,9862
Specialist medical practitioners (number),Europe,Luxembourg,2013,1070
Specialist medical practitioners (number),Europe,France,2013,109710
Specialist medical practitioners (number),Europe,Finland,2013,11071
Specialist medical practitioners (number),Europe,Montenegro,2013,1107
Specialist medical practitioners (number),Europe,Spain,2013,112464
Specialist medical practitioners (number),Europe,United Kingdom of Great Britain and Northern Ireland,2013,124110
Specialist medical practitioners (number),Europe,Georgia,2013,14314
Specialist medical practitioners (number),Europe,Ukraine,2013,140633
Specialist medical practitioners (number),Europe,Serbia,2013,15768
Specialist medical practitioners (number),South-East Asia,Sri Lanka,2013,1554
Specialist medical practitioners (number),Americas,Chile,2013,16972
Specialist medical practitioners (number),Americas,Mexico,2013,165475
Specialist medical practitioners (number),Americas,Colombia,2013,17847
Specialist medical practitioners (number),Europe,Israel,2013,18094
Specialist medical practitioners (number),Europe,Azerbaijan,2013,18433
Specialist medical practitioners (number),Europe,Switzerland,2013,18945
Specialist medical practitioners (number),Europe,Italy,2013,181393
Specialist medical practitioners (number),Western Pacific,Tonga,2013,19
Specialist medical practitioners (number),Europe,Belgium,2013,20108
Specialist medical practitioners (number),Europe,Albania,2013,2087
Specialist medical practitioners (number),Europe,Sweden,2013,21195
Specialist medical practitioners (number),Europe,Austria,2013,22180
Specialist medical practitioners (number),Europe,Portugal,2013,23266
Specialist medical practitioners (number),Europe,Monaco,2013,232
Specialist medical practitioners (number),Europe,Bulgaria,2013,24110
Specialist medical practitioners (number),Europe,Germany,2013,246799
Specialist medical practitioners (number),Americas,Jamaica,2013,293
Specialist medical practitioners (number),Europe,Netherlands,2013,31183
Specialist medical practitioners (number),Europe,Czechia,2013,31405
Specialist medical practitioners (number),Africa,Malawi,2013,32
Specialist medical practitioners (number),Europe,Estonia,2013,3343
Specialist medical practitioners (number),Western Pacific,Australia,2013,36765
Specialist medical practitioners (number),Europe,Romania,2013,36905
Specialist medical practitioners (number),Europe,The former Yugoslav Republic of Macedonia,2013,3787
Specialist medical practitioners (number),Europe,Slovenia,2013,4087
Specialist medical practitioners (number),Europe,Greece,2013,41783
Specialist medical practitioners (number),Africa,Madagascar,2013,495
Specialist medical practitioners (number),Africa,Rwanda,2013,495
Specialist medical practitioners (number),Europe,Latvia,2013,5066
Specialist medical practitioners (number),Europe,Bosnia and Herzegovina,2013,5500
Specialist medical practitioners (number),Europe,Uzbekistan,2013,57943
Specialist medical practitioners (number),Western Pacific,New Zealand,2013,6009
Specialist medical practitioners (number),Europe,Kazakhstan,2013,62035
Specialist medical practitioners (number),Africa,Burundi,2013,68
Specialist medical practitioners (number),Europe,Armenia,2013,6885
Specialist medical practitioners (number),Europe,Iceland,2013,706
Specialist medical practitioners (number),Europe,Malta,2013,708
Specialist medical practitioners (number),Europe,Poland,2013,72400
Specialist medical practitioners (number),Europe,Ireland,2013,7346
Specialist medical practitioners (number),Europe,Turkmenistan,2013,7717
Specialist medical practitioners (number),Western Pacific,Republic of Korea,2013,79157
Specialist medical practitioners (number),Europe,Republic of Moldova,2013,8406
Specialist medical practitioners (number),Europe,Norway,2013,8765
Specialist medical practitioners (number),Western Pacific,Lao People's Democratic Republic,2013,915
Specialist medical practitioners (number),Europe,Türkiye,2013,92735
Specialist medical practitioners (number),Europe,Denmark,2013,9365
Specialist medical practitioners (number),Europe,Croatia,2013,9571
Specialist medical practitioners (number),Europe,Lithuania,2013,9941
Specialist medical practitioners (number),Europe,Finland,2012,10815
Specialist medical practitioners (number),Europe,Luxembourg,2012,1048
Specialist medical practitioners (number),Europe,Montenegro,2012,1072
Specialist medical practitioners (number),Europe,France,2012,108219
Specialist medical practitioners (number),Europe,Spain,2012,112699
Specialist medical practitioners (number),Europe,United Kingdom of Great Britain and Northern Ireland,2012,122061
Specialist medical practitioners (number),Europe,Georgia,2012,14063
Specialist medical practitioners (number),Europe,Ukraine,2012,141846
Specialist medical practitioners (number),South-East Asia,Sri Lanka,2012,1449
Specialist medical practitioners (number),Americas,Chile,2012,15426
Specialist medical practitioners (number),Europe,Serbia,2012,15820
Specialist medical practitioners (number),Americas,Mexico,2012,158675
Specialist medical practitioners (number),South-East Asia,Indonesia,2012,16597
Specialist medical practitioners (number),Americas,Colombia,2012,16775
Specialist medical practitioners (number),Europe,Israel,2012,17800
Specialist medical practitioners (number),Europe,Switzerland,2012,17958
Specialist medical practitioners (number),Europe,Italy,2012,176627
Specialist medical practitioners (number),Europe,Azerbaijan,2012,18592
Specialist medical practitioners (number),Europe,Monaco,2012,187
Specialist medical practitioners (number),Europe,Belgium,2012,19831
Specialist medical practitioners (number),Europe,Sweden,2012,20585
Specialist medical practitioners (number),Europe,Albania,2012,2093
Specialist medical practitioners (number),Western Pacific,Solomon Islands,2012,21
Specialist medical practitioners (number),Europe,Austria,2012,21107
Specialist medical practitioners (number),Europe,Portugal,2012,22465
Specialist medical practitioners (number),Africa,Burundi,2012,23
Specialist medical practitioners (number),Europe,Bulgaria,2012,23502
Specialist medical practitioners (number),Europe,Germany,2012,242000
Specialist medical practitioners (number),Americas,Jamaica,2012,280
Specialist medical practitioners (number),Europe,Netherlands,2012,30376
Specialist medical practitioners (number),Europe,Estonia,2012,3000
Specialist medical practitioners (number),Europe,Czechia,2012,31238
Specialist medical practitioners (number),Western Pacific,Australia,2012,34895
Specialist medical practitioners (number),Europe,Romania,2012,35621
Specialist medical practitioners (number),Europe,The former Yugoslav Republic of Macedonia,2012,3692
Specialist medical practitioners (number),Europe,Slovenia,2012,3948
Specialist medical practitioners (number),Europe,Greece,2012,41116
Specialist medical practitioners (number),Europe,Latvia,2012,5058
Specialist medical practitioners (number),Europe,Bosnia and Herzegovina,2012,5339
Specialist medical practitioners (number),Europe,Uzbekistan,2012,58890
Specialist medical practitioners (number),Western Pacific,New Zealand,2012,5807
Specialist medical practitioners (number),Europe,Kazakhstan,2012,60272
Specialist medical practitioners (number),Europe,Malta,2012,659
Specialist medical practitioners (number),Europe,Armenia,2012,6801
Specialist medical practitioners (number),Europe,Ireland,2012,6835
Specialist medical practitioners (number),Europe,Iceland,2012,703
Specialist medical practitioners (number),Europe,Poland,2012,72380
Specialist medical practitioners (number),Western Pacific,Republic of Korea,2012,75183
Specialist medical practitioners (number),Europe,Turkmenistan,2012,7609
Specialist medical practitioners (number),Europe,Republic of Moldova,2012,7980
Specialist medical practitioners (number),Europe,Norway,2012,8484
Specialist medical practitioners (number),Western Pacific,Lao People's Democratic Republic,2012,858
Specialist medical practitioners (number),Europe,Türkiye,2012,88371
Specialist medical practitioners (number),Europe,Denmark,2012,9117
Specialist medical practitioners (number),Europe,Croatia,2012,9401
Specialist medical practitioners (number),Europe,Lithuania,2012,9907
Specialist medical practitioners (number),Europe,Finland,2011,10639
Specialist medical practitioners (number),Europe,Luxembourg,2011,1010
Specialist medical practitioners (number),Europe,France,2011,106410
Specialist medical practitioners (number),Europe,Montenegro,2011,1069
Specialist medical practitioners (number),Europe,Spain,2011,108759
Specialist medical practitioners (number),Americas,Chile,2011,12450
Specialist medical practitioners (number),Europe,United Kingdom of Great Britain and Northern Ireland,2011,120479
Specialist medical practitioners (number),South-East Asia,Sri Lanka,2011,1398
Specialist medical practitioners (number),Europe,Ukraine,2011,143093
Specialist medical practitioners (number),Europe,Georgia,2011,15093
Specialist medical practitioners (number),Europe,Serbia,2011,15682
Specialist medical practitioners (number),Americas,Colombia,2011,15790
Specialist medical practitioners (number),Americas,Mexico,2011,155977
Specialist medical practitioners (number),Europe,Switzerland,2011,17086
Specialist medical practitioners (number),Europe,Israel,2011,17423
Specialist medical practitioners (number),Europe,Italy,2011,177625
Specialist medical practitioners (number),Europe,Azerbaijan,2011,18512
Specialist medical practitioners (number),Europe,Monaco,2011,180
Specialist medical practitioners (number),Europe,Belgium,2011,19492
Specialist medical practitioners (number),Europe,Sweden,2011,20114
Specialist medical practitioners (number),Europe,Austria,2011,20532
Specialist medical practitioners (number),Africa,Congo,2011,200
Specialist medical practitioners (number),Europe,Albania,2011,2038
Specialist medical practitioners (number),Europe,Portugal,2011,21606
Specialist medical practitioners (number),Europe,Bulgaria,2011,23459
Specialist medical practitioners (number),Europe,Germany,2011,235971
Specialist medical practitioners (number),Europe,Netherlands,2011,28994
Specialist medical practitioners (number),Europe,Czechia,2011,30802
Specialist medical practitioners (number),Europe,Estonia,2011,3011
Specialist medical practitioners (number),Europe,Romania,2011,33435
Specialist medical practitioners (number),Europe,The former Yugoslav Republic of Macedonia,2011,3716
Specialist medical practitioners (number),Africa,Benin,2011,389
Specialist medical practitioners (number),Europe,Slovenia,2011,3921
Specialist medical practitioners (number),Africa,Burundi,2011,40
Specialist medical practitioners (number),Europe,Greece,2011,40396
Specialist medical practitioners (number),Africa,Cameroon,2011,422
Specialist medical practitioners (number),Europe,Latvia,2011,5128
Specialist medical practitioners (number),Europe,Bosnia and Herzegovina,2011,5209
Specialist medical practitioners (number),Western Pacific,New Zealand,2011,5861
Specialist medical practitioners (number),Europe,Uzbekistan,2011,59773
Specialist medical practitioners (number),Europe,Kazakhstan,2011,59956
Specialist medical practitioners (number),Europe,Malta,2011,620
Specialist medical practitioners (number),Europe,Armenia,2011,6668
Specialist medical practitioners (number),Europe,Poland,2011,69696
Specialist medical practitioners (number),Europe,Iceland,2011,697
Specialist medical practitioners (number),Western Pacific,Republic of Korea,2011,72355
Specialist medical practitioners (number),Europe,Turkmenistan,2011,7380
Specialist medical practitioners (number),Europe,Ireland,2011,7429
Specialist medical practitioners (number),Europe,Republic of Moldova,2011,7971
Specialist medical practitioners (number),Europe,Türkiye,2011,84189
Specialist medical practitioners (number),Europe,Norway,2011,8449
Specialist medical practitioners (number),Africa,Sierra Leone,2011,86
Specialist medical practitioners (number),Europe,Denmark,2011,8907
Specialist medical practitioners (number),Europe,Croatia,2011,9191
Specialist medical practitioners (number),Europe,Lithuania,2011,9728
Specialist medical practitioners (number),Europe,Finland,2010,10378
Specialist medical practitioners (number),Europe,Spain,2010,107542
Specialist medical practitioners (number),Europe,France,2010,108870
Specialist medical practitioners (number),Europe,Montenegro,2010,1081
Specialist medical practitioners (number),Europe,United Kingdom of Great Britain and Northern Ireland,2010,118033
Specialist medical practitioners (number),Americas,Honduras,2010,1213
Specialist medical practitioners (number),Europe,Ukraine,2010,143405
Specialist medical practitioners (number),Americas,Mexico,2010,146313
Specialist medical practitioners (number),Europe,Georgia,2010,15081
Specialist medical practitioners (number),Europe,Serbia,2010,15285
Specialist medical practitioners (number),Europe,Israel,2010,16990
Specialist medical practitioners (number),Europe,Italy,2010,173440
Specialist medical practitioners (number),Europe,Azerbaijan,2010,19026
Specialist medical practitioners (number),Europe,Belgium,2010,19153
Specialist medical practitioners (number),Europe,Switzerland,2010,19198
Specialist medical practitioners (number),Europe,Sweden,2010,19558
Specialist medical practitioners (number),Europe,Austria,2010,20103
Specialist medical practitioners (number),Europe,Portugal,2010,20956
Specialist medical practitioners (number),Europe,Albania,2010,2020
Specialist medical practitioners (number),Africa,Mauritania,2010,209
Specialist medical practitioners (number),Europe,Bulgaria,2010,22949
Specialist medical practitioners (number),Europe,Germany,2010,229532
Specialist medical practitioners (number),Europe,Netherlands,2010,28394
Specialist medical practitioners (number),Europe,Estonia,2010,2962
Specialist medical practitioners (number),Europe,Czechia,2010,30292
Specialist medical practitioners (number),Africa,Zimbabwe,2010,318
Specialist medical practitioners (number),Europe,Romania,2010,32568
Specialist medical practitioners (number),Africa,Benin,2010,353
Specialist medical practitioners (number),Europe,The former Yugoslav Republic of Macedonia,2010,3718
Specialist medical practitioners (number),Europe,Slovenia,2010,3773
Specialist medical practitioners (number),Europe,Greece,2010,39552
Specialist medical practitioners (number),Europe,Bosnia and Herzegovina,2010,5106
Specialist medical practitioners (number),Europe,Latvia,2010,5206
Specialist medical practitioners (number),Western Pacific,New Zealand,2010,5577
Specialist medical practitioners (number),Europe,Kazakhstan,2010,58729
Specialist medical practitioners (number),Europe,Uzbekistan,2010,60408
Specialist medical practitioners (number),Europe,Malta,2010,614
Specialist medical practitioners (number),Europe,Ireland,2010,6346
Specialist medical practitioners (number),Europe,Poland,2010,65717
Specialist medical practitioners (number),Europe,Armenia,2010,6597
Specialist medical practitioners (number),Western Pacific,Republic of Korea,2010,71090
Specialist medical practitioners (number),Europe,Turkmenistan,2010,7131
Specialist medical practitioners (number),Europe,Iceland,2010,714
Specialist medical practitioners (number),Africa,Burundi,2010,75
Specialist medical practitioners (number),Europe,Republic of Moldova,2010,7829
Specialist medical practitioners (number),Europe,Norway,2010,8151
Specialist medical practitioners (number),Europe,Türkiye,2010,82370
Specialist medical practitioners (number),Europe,Lithuania,2010,8285
Specialist medical practitioners (number),Europe,Denmark,2010,8753
Specialist medical practitioners (number),Western Pacific,Lao People's Democratic Republic,2010,890
Specialist medical practitioners (number),Europe,Croatia,2010,8954
Specialist medical practitioners (number),Americas,Chile,2010,9389
Specialist medical practitioners (number),Europe,Luxembourg,2010,992
Specialist medical practitioners (number),Europe,Finland,2009,10176
Specialist medical practitioners (number),Europe,France,2009,107374
Specialist medical practitioners (number),Europe,Spain,2009,107631
Specialist medical practitioners (number),Europe,Montenegro,2009,1102
Specialist medical practitioners (number),Americas,Suriname,2009,114
Specialist medical practitioners (number),Europe,United Kingdom of Great Britain and Northern Ireland,2009,115672
Specialist medical practitioners (number),Europe,Georgia,2009,14415
Specialist medical practitioners (number),Americas,Mexico,2009,141924
Specialist medical practitioners (number),Europe,Ukraine,2009,143956
Specialist medical practitioners (number),Europe,Serbia,2009,15162
Specialist medical practitioners (number),Europe,Israel,2009,16667
Specialist medical practitioners (number),Europe,Italy,2009,171340
Specialist medical practitioners (number),Europe,Switzerland,2009,18497
Specialist medical practitioners (number),Europe,Belgium,2009,18852
Specialist medical practitioners (number),Europe,Sweden,2009,19110
Specialist medical practitioners (number),Europe,Azerbaijan,2009,19442
Specialist medical practitioners (number),Europe,Austria,2009,19498
Specialist medical practitioners (number),Europe,Portugal,2009,20583
Specialist medical practitioners (number),Europe,Albania,2009,2050
Specialist medical practitioners (number),Europe,Bulgaria,2009,22754
Specialist medical practitioners (number),Europe,Germany,2009,225182
Specialist medical practitioners (number),Europe,Netherlands,2009,27499
Specialist medical practitioners (number),Europe,Czechia,2009,29985
Specialist medical practitioners (number),Africa,Zimbabwe,2009,295
Specialist medical practitioners (number),Europe,Estonia,2009,3003
Specialist medical practitioners (number),Europe,Romania,2009,32556
Specialist medical practitioners (number),Western Pacific,Australia,2009,33815
Specialist medical practitioners (number),Europe,The former Yugoslav Republic of Macedonia,2009,3580
Specialist medical practitioners (number),Europe,Slovenia,2009,3737
Specialist medical practitioners (number),Europe,Greece,2009,39298
Specialist medical practitioners (number),Africa,Comoros,2009,48
Specialist medical practitioners (number),Europe,Bosnia and Herzegovina,2009,4995
Specialist medical practitioners (number),Europe,Malta,2009,515
Specialist medical practitioners (number),Europe,Latvia,2009,5438
Specialist medical practitioners (number),Europe,Kazakhstan,2009,56499
Specialist medical practitioners (number),Western Pacific,New Zealand,2009,5908
Specialist medical practitioners (number),Europe,Uzbekistan,2009,60515
Specialist medical practitioners (number),Europe,Ireland,2009,6003
Specialist medical practitioners (number),Europe,Armenia,2009,6442
Specialist medical practitioners (number),Europe,Poland,2009,65876
Specialist medical practitioners (number),Western Pacific,Republic of Korea,2009,68151
Specialist medical practitioners (number),Europe,Turkmenistan,2009,6936
Specialist medical practitioners (number),Europe,Iceland,2009,726
Specialist medical practitioners (number),Europe,Republic of Moldova,2009,7869
Specialist medical practitioners (number),Europe,Türkiye,2009,80661
Specialist medical practitioners (number),Europe,Norway,2009,8072
Specialist medical practitioners (number),Europe,Denmark,2009,8417
Specialist medical practitioners (number),Europe,Lithuania,2009,8488
Specialist medical practitioners (number),Europe,Croatia,2009,8549
Specialist medical practitioners (number),Europe,Luxembourg,2009,954
Specialist medical practitioners (number),Europe,Spain,2008,104154
Specialist medical practitioners (number),Europe,Montenegro,2008,1075
Specialist medical practitioners (number),Europe,France,2008,108254
Specialist medical practitioners (number),Europe,United Kingdom of Great Britain and Northern Ireland,2008,111886
Specialist medical practitioners (number),Europe,Ukraine,2008,128174
Specialist medical practitioners (number),Europe,Georgia,2008,14163
Specialist medical practitioners (number),Europe,Serbia,2008,14967
Specialist medical practitioners (number),Americas,Mexico,2008,140805
Specialist medical practitioners (number),Europe,Israel,2008,16319
Specialist medical practitioners (number),Europe,Switzerland,2008,17628
Specialist medical practitioners (number),Europe,Italy,2008,170124
Specialist medical practitioners (number),Europe,Belgium,2008,18566
Specialist medical practitioners (number),Europe,Sweden,2008,18662
Specialist medical practitioners (number),Europe,Azerbaijan,2008,18692
Specialist medical practitioners (number),Europe,Austria,2008,19031
Specialist medical practitioners (number),Europe,Portugal,2008,20094
Specialist medical practitioners (number),Europe,Bulgaria,2008,22411
Specialist medical practitioners (number),Europe,Germany,2008,221420
Specialist medical practitioners (number),Europe,Netherlands,2008,26766
Specialist medical practitioners (number),Europe,Czechia,2008,29589
Specialist medical practitioners (number),Western Pacific,Australia,2008,30675
Specialist medical practitioners (number),Europe,Estonia,2008,3051
Specialist medical practitioners (number),Europe,Romania,2008,31700
Specialist medical practitioners (number),Europe,Ireland,2008,3281
Specialist medical practitioners (number),Europe,The former Yugoslav Republic of Macedonia,2008,3578
Specialist medical practitioners (number),Europe,Slovenia,2008,3648
Specialist medical practitioners (number),Europe,Greece,2008,38428
Specialist medical practitioners (number),Europe,Bosnia and Herzegovina,2008,5024
Specialist medical practitioners (number),Europe,Kazakhstan,2008,54573
Specialist medical practitioners (number),Europe,Latvia,2008,5717
Specialist medical practitioners (number),Western Pacific,New Zealand,2008,5847
Specialist medical practitioners (number),Europe,Uzbekistan,2008,60997
Specialist medical practitioners (number),Europe,Armenia,2008,6481
Specialist medical practitioners (number),Western Pacific,Republic of Korea,2008,65208
Specialist medical practitioners (number),Europe,Poland,2008,65305
Specialist medical practitioners (number),Africa,Malawi,2008,67
Specialist medical practitioners (number),Europe,Turkmenistan,2008,6898
Specialist medical practitioners (number),Europe,Iceland,2008,722
Specialist medical practitioners (number),Europe,Türkiye,2008,75551
Specialist medical practitioners (number),Europe,Republic of Moldova,2008,7723
Specialist medical practitioners (number),Europe,Norway,2008,7766
Specialist medical practitioners (number),Europe,Denmark,2008,8170
Specialist medical practitioners (number),Europe,Lithuania,2008,8743
Specialist medical practitioners (number),Europe,Luxembourg,2008,931
Specialist medical practitioners (number),Europe,Finland,2008,9969
Specialist medical practitioners (number),Europe,Montenegro,2007,1032
Specialist medical practitioners (number),Europe,United Kingdom of Great Britain and Northern Ireland,2007,107317
Specialist medical practitioners (number),Europe,France,2007,107608
Specialist medical practitioners (number),Europe,Ukraine,2007,127832
Specialist medical practitioners (number),Europe,Georgia,2007,13910
Specialist medical practitioners (number),Americas,Mexico,2007,136584
Specialist medical practitioners (number),Europe,Serbia,2007,14788
Specialist medical practitioners (number),Europe,Israel,2007,16027
Specialist medical practitioners (number),Europe,Italy,2007,169108
Specialist medical practitioners (number),Europe,Belgium,2007,18059
Specialist medical practitioners (number),Europe,Sweden,2007,18392
Specialist medical practitioners (number),Europe,Azerbaijan,2007,18578
Specialist medical practitioners (number),Europe,Austria,2007,18658
Specialist medical practitioners (number),Europe,Portugal,2007,19772
Specialist medical practitioners (number),Europe,Germany,2007,218777
Specialist medical practitioners (number),Europe,Bulgaria,2007,22456
Specialist medical practitioners (number),South-East Asia,Maldives,2007,220
Specialist medical practitioners (number),Europe,Netherlands,2007,26166
Specialist medical practitioners (number),Western Pacific,Australia,2007,29836
Specialist medical practitioners (number),Europe,Estonia,2007,2991
Specialist medical practitioners (number),Europe,Romania,2007,31106
Specialist medical practitioners (number),Europe,Ireland,2007,3134
Specialist medical practitioners (number),Europe,The former Yugoslav Republic of Macedonia,2007,3444
Specialist medical practitioners (number),Europe,Slovenia,2007,3558
Specialist medical practitioners (number),Europe,Greece,2007,37321
Specialist medical practitioners (number),Europe,Bosnia and Herzegovina,2007,4933
Specialist medical practitioners (number),Western Pacific,New Zealand,2007,5299
Specialist medical practitioners (number),Europe,Kazakhstan,2007,53646
Specialist medical practitioners (number),Europe,Latvia,2007,5605
Specialist medical practitioners (number),Western Pacific,Republic of Korea,2007,60361
Specialist medical practitioners (number),Europe,Armenia,2007,6384
Specialist medical practitioners (number),Europe,Turkmenistan,2007,6851
Specialist medical practitioners (number),Europe,Iceland,2007,708
Specialist medical practitioners (number),Europe,Türkiye,2007,72086
Specialist medical practitioners (number),Europe,Norway,2007,7536
Specialist medical practitioners (number),Europe,Republic of Moldova,2007,7832
Specialist medical practitioners (number),Europe,Denmark,2007,7898
Specialist medical practitioners (number),Europe,Lithuania,2007,8751
Specialist medical practitioners (number),Europe,Luxembourg,2007,901
Specialist medical practitioners (number),Europe,Finland,2007,9791
Specialist medical practitioners (number),Europe,Spain,2007,99004
Specialist medical practitioners (number),Europe,United Kingdom of Great Britain and Northern Ireland,2006,104987
Specialist medical practitioners (number),Europe,Montenegro,2006,1046
Specialist medical practitioners (number),Europe,France,2006,107317
Specialist medical practitioners (number),Europe,Ukraine,2006,128811
Specialist medical practitioners (number),Americas,Mexico,2006,132045
Specialist medical practitioners (number),Europe,Georgia,2006,14009
Specialist medical practitioners (number),Europe,Serbia,2006,14682
Specialist medical practitioners (number),Europe,Israel,2006,15703
Specialist medical practitioners (number),Europe,Italy,2006,164833
Specialist medical practitioners (number),Europe,Belgium,2006,17528
Specialist medical practitioners (number),Europe,Sweden,2006,17863
Specialist medical practitioners (number),Europe,Azerbaijan,2006,17993
Specialist medical practitioners (number),Europe,Austria,2006,18037
Specialist medical practitioners (number),Europe,Portugal,2006,19444
Specialist medical practitioners (number),Europe,Germany,2006,214581
Specialist medical practitioners (number),Europe,Bulgaria,2006,22565
Specialist medical practitioners (number),Europe,Netherlands,2006,25914
Specialist medical practitioners (number),Western Pacific,Australia,2006,27192
Specialist medical practitioners (number),Europe,Ireland,2006,2792
Specialist medical practitioners (number),Europe,Romania,2006,29171
Specialist medical practitioners (number),Europe,Estonia,2006,2952
Specialist medical practitioners (number),Europe,The former Yugoslav Republic of Macedonia,2006,3461
Specialist medical practitioners (number),Europe,Slovenia,2006,3487
Specialist medical practitioners (number),Europe,Greece,2006,36189
Specialist medical practitioners (number),Europe,Bosnia and Herzegovina,2006,4676
Specialist medical practitioners (number),Western Pacific,New Zealand,2006,5045
Specialist medical practitioners (number),Europe,Kazakhstan,2006,54208
Specialist medical practitioners (number),Europe,Latvia,2006,5415
Specialist medical practitioners (number),Western Pacific,Republic of Korea,2006,57536
Specialist medical practitioners (number),Europe,Armenia,2006,6309
Specialist medical practitioners (number),Europe,Türkiye,2006,69332
Specialist medical practitioners (number),Europe,Iceland,2006,696
Specialist medical practitioners (number),Europe,Turkmenistan,2006,7056
Specialist medical practitioners (number),Europe,Norway,2006,7276
Specialist medical practitioners (number),Europe,Denmark,2006,7799
Specialist medical practitioners (number),Europe,Republic of Moldova,2006,7829
Specialist medical practitioners (number),Europe,Luxembourg,2006,853
Specialist medical practitioners (number),Europe,Lithuania,2006,8892
Specialist medical practitioners (number),Europe,Spain,2006,94160
Specialist medical practitioners (number),Europe,Finland,2006,9603
Specialist medical practitioners (number),Europe,Montenegro,2005,1003
Specialist medical practitioners (number),Europe,United Kingdom of Great Britain and Northern Ireland,2005,101214
Specialist medical practitioners (number),Europe,France,2005,106643
Specialist medical practitioners (number),Americas,Mexico,2005,119797
Specialist medical practitioners (number),Europe,Ukraine,2005,126609
Specialist medical practitioners (number),Europe,Georgia,2005,13637
Specialist medical practitioners (number),Europe,Serbia,2005,14845
Specialist medical practitioners (number),Europe,Israel,2005,15465
Specialist medical practitioners (number),Europe,Italy,2005,163978
Specialist medical practitioners (number),Europe,Belgium,2005,17172
Specialist medical practitioners (number),Europe,Sweden,2005,17361
Specialist medical practitioners (number),Europe,Austria,2005,17365
Specialist medical practitioners (number),Europe,Azerbaijan,2005,17741
Specialist medical practitioners (number),Europe,Romania,2005,17914
Specialist medical practitioners (number),Europe,Portugal,2005,19066
Specialist medical practitioners (number),Europe,Germany,2005,209976
Specialist medical practitioners (number),Europe,Bulgaria,2005,22543
Specialist medical practitioners (number),Europe,Netherlands,2005,25016
Specialist medical practitioners (number),Western Pacific,Australia,2005,25547
Specialist medical practitioners (number),Europe,Ireland,2005,2524
Specialist medical practitioners (number),Europe,Czechia,2005,28958
Specialist medical practitioners (number),Africa,Zimbabwe,2005,295
Specialist medical practitioners (number),Europe,Estonia,2005,2962
Specialist medical practitioners (number),Europe,The former Yugoslav Republic of Macedonia,2005,3052
Specialist medical practitioners (number),Europe,Slovenia,2005,3452
Specialist medical practitioners (number),Europe,Greece,2005,35074
Specialist medical practitioners (number),Western Pacific,Lao People's Democratic Republic,2005,373
Specialist medical practitioners (number),Western Pacific,New Zealand,2005,4535
Specialist medical practitioners (number),Europe,Bosnia and Herzegovina,2005,4574
Specialist medical practitioners (number),Europe,Kazakhstan,2005,53000
Specialist medical practitioners (number),Europe,Latvia,2005,5326
Specialist medical practitioners (number),Western Pacific,Republic of Korea,2005,54563
Specialist medical practitioners (number),Europe,Armenia,2005,6304
Specialist medical practitioners (number),Europe,Türkiye,2005,67760
Specialist medical practitioners (number),Europe,Iceland,2005,692
Specialist medical practitioners (number),Europe,Norway,2005,7030
Specialist medical practitioners (number),Europe,Turkmenistan,2005,7274
Specialist medical practitioners (number),Europe,Denmark,2005,7631
Specialist medical practitioners (number),Europe,Republic of Moldova,2005,7841
Specialist medical practitioners (number),Europe,Luxembourg,2005,826
Specialist medical practitioners (number),Europe,Lithuania,2005,8699
Specialist medical practitioners (number),Europe,Spain,2005,90305
Specialist medical practitioners (number),Europe,Finland,2005,9383
Specialist medical practitioners (number),Europe,France,2004,105748
Specialist medical practitioners (number),Americas,Mexico,2004,109228
Specialist medical practitioners (number),Europe,Ukraine,2004,128159
Specialist medical practitioners (number),Europe,Georgia,2004,13623
Specialist medical practitioners (number),Europe,Serbia,2004,15051
Specialist medical practitioners (number),Europe,Israel,2004,15232
Specialist medical practitioners (number),Europe,Austria,2004,16721
Specialist medical practitioners (number),Europe,Belgium,2004,16853
Specialist medical practitioners (number),Europe,Sweden,2004,16958
Specialist medical practitioners (number),Europe,Italy,2004,161868
Specialist medical practitioners (number),Europe,Azerbaijan,2004,17419
Specialist medical practitioners (number),Europe,Romania,2004,17988
Specialist medical practitioners (number),Europe,Portugal,2004,18655
Specialist medical practitioners (number),Europe,Germany,2004,208328
Specialist medical practitioners (number),Europe,Bulgaria,2004,21721
Specialist medical practitioners (number),Europe,Netherlands,2004,23477
Specialist medical practitioners (number),Western Pacific,Australia,2004,24378
Specialist medical practitioners (number),Europe,Estonia,2004,3012
Specialist medical practitioners (number),Europe,The former Yugoslav Republic of Macedonia,2004,3025
Specialist medical practitioners (number),Europe,Bosnia and Herzegovina,2004,4513
Specialist medical practitioners (number),Western Pacific,New Zealand,2004,4534
Specialist medical practitioners (number),Western Pacific,Republic of Korea,2004,52269
Specialist medical practitioners (number),Europe,Kazakhstan,2004,52551
Specialist medical practitioners (number),Europe,Armenia,2004,6096
Specialist medical practitioners (number),Europe,Türkiye,2004,66001
Specialist medical practitioners (number),Europe,Norway,2004,6633
Specialist medical practitioners (number),Europe,Republic of Moldova,2004,7014
Specialist medical practitioners (number),Europe,Denmark,2004,7380
Specialist medical practitioners (number),Europe,Turkmenistan,2004,7788
Specialist medical practitioners (number),Europe,Lithuania,2004,8803
Specialist medical practitioners (number),Europe,Finland,2004,8982
Specialist medical practitioners (number),Europe,United Kingdom of Great Britain and Northern Ireland,2004,96921
Specialist medical practitioners (number),Americas,Mexico,2003,100527
Specialist medical practitioners (number),Europe,France,2003,104336
Specialist medical practitioners (number),Europe,Ukraine,2003,129453
Specialist medical practitioners (number),Europe,Georgia,2003,13859
Specialist medical practitioners (number),Europe,Israel,2003,14895
Specialist medical practitioners (number),Europe,Serbia,2003,15076
Specialist medical practitioners (number),Europe,Italy,2003,157663
Specialist medical practitioners (number),Europe,Austria,2003,16178
Specialist medical practitioners (number),Europe,Sweden,2003,16333
Specialist medical practitioners (number),Europe,Belgium,2003,16568
Specialist medical practitioners (number),Europe,Azerbaijan,2003,17221
Specialist medical practitioners (number),Europe,Portugal,2003,18144
Specialist medical practitioners (number),Europe,Germany,2003,203957
Specialist medical practitioners (number),Europe,Bulgaria,2003,22567
Specialist medical practitioners (number),Western Pacific,Australia,2003,22692
Specialist medical practitioners (number),Europe,Netherlands,2003,22949
Specialist medical practitioners (number),Europe,The former Yugoslav Republic of Macedonia,2003,2951
Specialist medical practitioners (number),Europe,Estonia,2003,3011
Specialist medical practitioners (number),Europe,Bosnia and Herzegovina,2003,4396
Specialist medical practitioners (number),Western Pacific,New Zealand,2003,4455
Specialist medical practitioners (number),Europe,Kazakhstan,2003,52795
Specialist medical practitioners (number),Europe,Armenia,2003,6151
Specialist medical practitioners (number),Europe,Türkiye,2003,64014
Specialist medical practitioners (number),Europe,Norway,2003,6444
Specialist medical practitioners (number),Europe,Denmark,2003,7030
Specialist medical practitioners (number),Europe,Republic of Moldova,2003,7079
Specialist medical practitioners (number),Europe,Turkmenistan,2003,7697
Specialist medical practitioners (number),Europe,Finland,2003,8655
Specialist medical practitioners (number),Europe,United Kingdom of Great Britain and Northern Ireland,2003,89625
Specialist medical practitioners (number),Europe,Lithuania,2003,8990
Specialist medical practitioners (number),Europe,France,2002,103280
Specialist medical practitioners (number),Europe,Ukraine,2002,131489
Specialist medical practitioners (number),Europe,Georgia,2002,14012
Specialist medical practitioners (number),Europe,Israel,2002,14712
Specialist medical practitioners (number),Europe,Austria,2002,15613
Specialist medical practitioners (number),Europe,Sweden,2002,15942
Specialist medical practitioners (number),Europe,Italy,2002,153921
Specialist medical practitioners (number),Europe,Belgium,2002,16406
Specialist medical practitioners (number),Europe,Romania,2002,16917
Specialist medical practitioners (number),Europe,Azerbaijan,2002,17010
Specialist medical practitioners (number),Europe,Portugal,2002,17830
Specialist medical practitioners (number),Europe,Germany,2002,200803
Specialist medical practitioners (number),Western Pacific,Australia,2002,21904
Specialist medical practitioners (number),Europe,Bulgaria,2002,21928
Specialist medical practitioners (number),Europe,Netherlands,2002,22510
Specialist medical practitioners (number),Europe,The former Yugoslav Republic of Macedonia,2002,2954
Specialist medical practitioners (number),Europe,Estonia,2002,3026
Specialist medical practitioners (number),Western Pacific,New Zealand,2002,4198
Specialist medical practitioners (number),Europe,Kazakhstan,2002,51717
Specialist medical practitioners (number),Europe,Norway,2002,6057
Specialist medical practitioners (number),Europe,Türkiye,2002,61659
Specialist medical practitioners (number),Europe,Armenia,2002,6446
Specialist medical practitioners (number),Europe,Denmark,2002,6878
Specialist medical practitioners (number),Europe,Republic of Moldova,2002,7236
Specialist medical practitioners (number),Europe,Turkmenistan,2002,7800
Specialist medical practitioners (number),Europe,Finland,2002,8374
Specialist medical practitioners (number),Europe,United Kingdom of Great Britain and Northern Ireland,2002,85190
Specialist medical practitioners (number),Europe,Lithuania,2002,9198
Specialist medical practitioners (number),Americas,Mexico,2002,92370
Specialist medical practitioners (number),Europe,France,2001,101685
Specialist medical practitioners (number),Europe,Georgia,2001,13810
Specialist medical practitioners (number),Europe,Ukraine,2001,133358
Specialist medical practitioners (number),Europe,Israel,2001,14303
Specialist medical practitioners (number),Europe,Austria,2001,15205
Specialist medical practitioners (number),Europe,Sweden,2001,15476
Specialist medical practitioners (number),Europe,Italy,2001,150891
Specialist medical practitioners (number),Europe,Belgium,2001,16032
Specialist medical practitioners (number),Europe,Azerbaijan,2001,17141
Specialist medical practitioners (number),Europe,Portugal,2001,17548
Specialist medical practitioners (number),Europe,Germany,2001,197552
Specialist medical practitioners (number),Western Pacific,Australia,2001,20573
Specialist medical practitioners (number),Europe,Netherlands,2001,21384
Specialist medical practitioners (number),Europe,The former Yugoslav Republic of Macedonia,2001,2894
Specialist medical practitioners (number),Europe,Estonia,2001,2938
Specialist medical practitioners (number),Western Pacific,New Zealand,2001,4244
Specialist medical practitioners (number),Europe,Kazakhstan,2001,49055
Specialist medical practitioners (number),Europe,Türkiye,2001,60474
Specialist medical practitioners (number),Europe,Armenia,2001,6592
Specialist medical practitioners (number),Europe,Denmark,2001,6606
Specialist medical practitioners (number),Europe,Republic of Moldova,2001,7319
Specialist medical practitioners (number),Europe,Turkmenistan,2001,7640
Specialist medical practitioners (number),Europe,United Kingdom of Great Britain and Northern Ireland,2001,81022
Specialist medical practitioners (number),Europe,Finland,2001,8104
Specialist medical practitioners (number),Americas,Mexico,2001,89055
Specialist medical practitioners (number),Europe,Lithuania,2001,9372
Specialist medical practitioners (number),Europe,Israel,2000,13856
Specialist medical practitioners (number),Europe,Ukraine,2000,134962
Specialist medical practitioners (number),Europe,Austria,2000,14536
Specialist medical practitioners (number),Europe,Georgia,2000,14537
Specialist medical practitioners (number),Europe,Italy,2000,147845
Specialist medical practitioners (number),Europe,Sweden,2000,15108
Specialist medical practitioners (number),Europe,Belgium,2000,15685
Specialist medical practitioners (number),Europe,Cyprus,2000,1512
Specialist medical practitioners (number),Europe,Azerbaijan,2000,16772
Specialist medical practitioners (number),Europe,Portugal,2000,17255
Specialist medical practitioners (number),Western Pacific,Australia,2000,19388
Specialist medical practitioners (number),Europe,Germany,2000,193956
Specialist medical practitioners (number),Europe,Netherlands,2000,20369
Specialist medical practitioners (number),Europe,The former Yugoslav Republic of Macedonia,2000,2892
Specialist medical practitioners (number),Africa,Zimbabwe,2000,297
Specialist medical practitioners (number),Europe,Estonia,2000,3049
Specialist medical practitioners (number),Western Pacific,New Zealand,2000,4267
Specialist medical practitioners (number),Europe,Kazakhstan,2000,46726
Specialist medical practitioners (number),Europe,Türkiye,2000,57528
Specialist medical practitioners (number),Europe,Denmark,2000,6495
Specialist medical practitioners (number),Europe,Armenia,2000,6817
Specialist medical practitioners (number),Europe,Turkmenistan,2000,7464
Specialist medical practitioners (number),Europe,Republic of Moldova,2000,7798
Specialist medical practitioners (number),Europe,United Kingdom of Great Britain and Northern Ireland,2000,78234
Specialist medical practitioners (number),Europe,Finland,2000,7848
Specialist medical practitioners (number),Europe,Lithuania,2000,9642
Specialist medical practitioners (number),Americas,Mexico,2000,97959
Specialist medical practitioners (number),Europe,France,2000,99794
Specialist medical practitioners (number),Americas,Mexico,1999,103641
Specialist medical practitioners (number),Europe,Austria,1999,13880
Specialist medical practitioners (number),Europe,Sweden,1999,14765
Specialist medical practitioners (number),Europe,Georgia,1999,14884
Specialist medical practitioners (number),Europe,Portugal,1999,16433
Specialist medical practitioners (number),Europe,Azerbaijan,1999,16627
Specialist medical practitioners (number),Europe,Netherlands,1999,19187
Specialist medical practitioners (number),Western Pacific,Australia,1999,19395
Specialist medical practitioners (number),Europe,Germany,1999,192157
Specialist medical practitioners (number),Europe,The former Yugoslav Republic of Macedonia,1999,2559
Specialist medical practitioners (number),Europe,Estonia,1999,3173
Specialist medical practitioners (number),Europe,Türkiye,1999,33505
Specialist medical practitioners (number),Europe,Kazakhstan,1999,47976
Specialist medical practitioners (number),Europe,Denmark,1999,6278
Specialist medical practitioners (number),Europe,Finland,1999,7579
Specialist medical practitioners (number),Europe,France,1999,99144
Specialist medical practitioners (number),Europe,Lithuania,1999,9939
Specialist medical practitioners (number),Europe,Lithuania,1998,10209
Specialist medical practitioners (number),Americas,Mexico,1998,101465
Specialist medical practitioners (number),Europe,Austria,1998,13707
Specialist medical practitioners (number),Europe,Sweden,1998,14542
Specialist medical practitioners (number),Europe,Romania,1998,14554
Specialist medical practitioners (number),Europe,Georgia,1998,15037
Specialist medical practitioners (number),Europe,Portugal,1998,16470
Specialist medical practitioners (number),Europe,Azerbaijan,1998,16601
Specialist medical practitioners (number),Western Pacific,Australia,1998,18493
Specialist medical practitioners (number),Europe,Germany,1998,190575
Specialist medical practitioners (number),Europe,The former Yugoslav Republic of Macedonia,1998,2658
Specialist medical practitioners (number),Europe,Türkiye,1998,31024
Specialist medical practitioners (number),Europe,Estonia,1998,3213
Specialist medical practitioners (number),Europe,Kazakhstan,1998,50562
Specialist medical practitioners (number),Europe,Denmark,1998,6135
Specialist medical practitioners (number),Europe,Finland,1998,7299
Specialist medical practitioners (number),Europe,France,1998,97788
Specialist medical practitioners (number),Europe,Lithuania,1997,10470
Specialist medical practitioners (number),Europe,Austria,1997,12892
Specialist medical practitioners (number),Europe,Sweden,1997,14217
Specialist medical practitioners (number),Europe,Georgia,1997,14569
Specialist medical practitioners (number),Europe,Portugal,1997,15902
Specialist medical practitioners (number),Europe,Azerbaijan,1997,16315
Specialist medical practitioners (number),Western Pacific,Australia,1997,17717
Specialist medical practitioners (number),Europe,Germany,1997,187793
Specialist medical practitioners (number),Europe,The former Yugoslav Republic of Macedonia,1997,2636
Specialist medical practitioners (number),Europe,Türkiye,1997,29473
Specialist medical practitioners (number),Europe,Kazakhstan,1997,49351
Specialist medical practitioners (number),Europe,Denmark,1997,5875
Specialist medical practitioners (number),Europe,Finland,1997,7022
Specialist medical practitioners (number),Europe,France,1997,96532
Specialist medical practitioners (number),Americas,Mexico,1997,99074
Specialist medical practitioners (number),Europe,Lithuania,1996,10464
Specialist medical practitioners (number),Europe,Austria,1996,12153
Specialist medical practitioners (number),Europe,Georgia,1996,12161
Specialist medical practitioners (number),Europe,Sweden,1996,14327
Specialist medical practitioners (number),Europe,Portugal,1996,15309
Specialist medical practitioners (number),Europe,Azerbaijan,1996,16364
Specialist medical practitioners (number),Europe,Germany,1996,186560
Specialist medical practitioners (number),Europe,The former Yugoslav Republic of Macedonia,1996,2588
Specialist medical practitioners (number),Europe,Türkiye,1996,28245
Specialist medical practitioners (number),Europe,Kazakhstan,1996,55038
Specialist medical practitioners (number),Europe,Denmark,1996,5624
Specialist medical practitioners (number),Europe,Finland,1996,6762
Specialist medical practitioners (number),Europe,France,1996,94678
Specialist medical practitioners (number),Americas,Mexico,1996,97585
Specialist medical practitioners (number),Europe,Lithuania,1995,10587
Specialist medical practitioners (number),Europe,Austria,1995,11366
Specialist medical practitioners (number),Europe,Cyprus,1995,1269
Specialist medical practitioners (number),Europe,Sweden,1995,14227
Specialist medical practitioners (number),Europe,Portugal,1995,14252
Specialist medical practitioners (number),Europe,Azerbaijan,1995,16525
Specialist medical practitioners (number),Europe,Germany,1995,183241
Specialist medical practitioners (number),Europe,The former Yugoslav Republic of Macedonia,1995,2545
Specialist medical practitioners (number),Europe,Türkiye,1995,26943
Specialist medical practitioners (number),Europe,Denmark,1995,5398
Specialist medical practitioners (number),Europe,Kazakhstan,1995,56981
Specialist medical practitioners (number),Europe,Finland,1995,6521
Specialist medical practitioners (number),Europe,France,1995,93168
Specialist medical practitioners (number),Americas,Mexico,1995,96642
Specialist medical practitioners (number),Europe,Lithuania,1994,10693
Specialist medical practitioners (number),Europe,Austria,1994,10706
Specialist medical practitioners (number),Europe,Romania,1994,12592
Specialist medical practitioners (number),Europe,Portugal,1994,12770
Specialist medical practitioners (number),Europe,Azerbaijan,1994,16242
Specialist medical practitioners (number),Europe,Germany,1994,178797
Specialist medical practitioners (number),Europe,The former Yugoslav Republic of Macedonia,1994,2427
Specialist medical practitioners (number),Europe,Türkiye,1994,25670
Specialist medical practitioners (number),Europe,Denmark,1994,5113
Specialist medical practitioners (number),Europe,Kazakhstan,1994,57831
Specialist medical practitioners (number),Europe,Finland,1994,6278
Specialist medical practitioners (number),Americas,Mexico,1994,85766
Specialist medical practitioners (number),Europe,France,1994,91731
Specialist medical practitioners (number),Europe,Austria,1993,10055
Specialist medical practitioners (number),Europe,Lithuania,1993,10590
Specialist medical practitioners (number),Europe,Portugal,1993,11804
Specialist medical practitioners (number),Europe,Cyprus,1993,1212
Specialist medical practitioners (number),Europe,Azerbaijan,1993,16237
Specialist medical practitioners (number),Europe,Germany,1993,173803
Specialist medical practitioners (number),Europe,The former Yugoslav Republic of Macedonia,1993,2361
Specialist medical practitioners (number),Europe,Türkiye,1993,24482
Specialist medical practitioners (number),Europe,Denmark,1993,4830
Specialist medical practitioners (number),Europe,Finland,1993,5979
Specialist medical practitioners (number),Europe,Kazakhstan,1993,61048
Specialist medical practitioners (number),Americas,Mexico,1993,77823
Specialist medical practitioners (number),Europe,France,1993,90081
Specialist medical practitioners (number),Europe,Lithuania,1992,10933
Specialist medical practitioners (number),Europe,Cyprus,1992,1145
Specialist medical practitioners (number),Europe,Azerbaijan,1992,16062
Specialist medical practitioners (number),Europe,Germany,1992,167393
Specialist medical practitioners (number),Europe,The former Yugoslav Republic of Macedonia,1992,2495
Specialist medical practitioners (number),Europe,Türkiye,1992,25587
Specialist medical practitioners (number),Europe,Denmark,1992,4626
Specialist medical practitioners (number),Europe,Finland,1992,5661
Specialist medical practitioners (number),Europe,Kazakhstan,1992,62738
Specialist medical practitioners (number),Americas,Mexico,1992,64308
Specialist medical practitioners (number),Europe,France,1992,86379
Specialist medical practitioners (number),Europe,Portugal,1992,8850
Specialist medical practitioners (number),Europe,Austria,1992,9557
Specialist medical practitioners (number),Europe,Cyprus,1991,1060
Specialist medical practitioners (number),Europe,Azerbaijan,1991,16350
Specialist medical practitioners (number),Europe,Germany,1991,161930
Specialist medical practitioners (number),Europe,The former Yugoslav Republic of Macedonia,1991,2387
Specialist medical practitioners (number),Europe,Türkiye,1991,26337
Specialist medical practitioners (number),Europe,Denmark,1991,4400
Specialist medical practitioners (number),Americas,Mexico,1991,52147
Specialist medical practitioners (number),Europe,Finland,1991,5345
Specialist medical practitioners (number),Europe,Kazakhstan,1991,60858
Specialist medical practitioners (number),Europe,France,1991,84180
Specialist medical practitioners (number),Europe,Portugal,1991,8477
Specialist medical practitioners (number),Europe,Austria,1991,9085
Specialist medical practitioners (number),Europe,Cyprus,1990,1007
Specialist medical practitioners (number),Europe,Azerbaijan,1990,16058
Specialist medical practitioners (number),Europe,Türkiye,1990,24900
Specialist medical practitioners (number),Europe,The former Yugoslav Republic of Macedonia,1990,2421
Specialist medical practitioners (number),Americas,Mexico,1990,40036
Specialist medical practitioners (number),Europe,Denmark,1990,4293
Specialist medical practitioners (number),Europe,Finland,1990,4977
Specialist medical practitioners (number),Europe,Kazakhstan,1990,62448
Specialist medical practitioners (number),Europe,Portugal,1990,8140
Specialist medical practitioners (number),Europe,France,1990,82365
Specialist medical practitioners (number),Europe,Austria,1990,8761
Specialist medical practitioners (number),Europe,Türkiye,1989,23750
Specialist medical practitioners (number),Europe,Denmark,1989,4116
Specialist medical practitioners (number),Europe,Finland,1989,4669
Specialist medical practitioners (number),Europe,Kazakhstan,1989,61622
Specialist medical practitioners (number),Europe,Portugal,1989,7791
Specialist medical practitioners (number),Europe,Austria,1989,8451
Specialist medical practitioners (number),Europe,Cyprus,1989,983
Specialist medical practitioners (number),Europe,Türkiye,1988,22318
Specialist medical practitioners (number),Europe,Denmark,1988,4027
Specialist medical practitioners (number),Europe,Finland,1988,4394
Specialist medical practitioners (number),Europe,Kazakhstan,1988,59484
Specialist medical practitioners (number),Europe,Portugal,1988,7518
Specialist medical practitioners (number),Europe,Austria,1988,8157
Specialist medical practitioners (number),Europe,Türkiye,1987,21411
Specialist medical practitioners (number),Europe,Denmark,1987,3794
Specialist medical practitioners (number),Europe,Finland,1987,4122
Specialist medical practitioners (number),Europe,Kazakhstan,1987,57453
Specialist medical practitioners (number),Europe,Portugal,1987,7108
Specialist medical practitioners (number),Europe,Austria,1987,7870
Specialist medical practitioners (number),Europe,Türkiye,1986,21023
Specialist medical practitioners (number),Europe,Denmark,1986,3744
Specialist medical practitioners (number),Europe,Finland,1986,3873
Specialist medical practitioners (number),Europe,Kazakhstan,1986,55637
Specialist medical practitioners (number),Europe,Portugal,1986,6832
Specialist medical practitioners (number),Europe,Austria,1986,7582
Specialist medical practitioners (number),Europe,Cyprus,1986,773
Specialist medical practitioners (number),Europe,Türkiye,1985,20878
Specialist medical practitioners (number),Europe,Finland,1985,3640
Specialist medical practitioners (number),Europe,Denmark,1985,3648
Specialist medical practitioners (number),Europe,Kazakhstan,1985,53511
Specialist medical practitioners (number),Europe,Portugal,1985,6591
Specialist medical practitioners (number),Europe,Austria,1985,7410
Specialist medical practitioners (number),Europe,Cyprus,1985,846
Specialist medical practitioners (number),Europe,Türkiye,1984,20031
Specialist medical practitioners (number),Europe,Denmark,1984,3542
Specialist medical practitioners (number),Europe,Kazakhstan,1984,50925
Specialist medical practitioners (number),Europe,Portugal,1984,6392
Specialist medical practitioners (number),Europe,Austria,1984,7363
Specialist medical practitioners (number),Europe,Türkiye,1983,19140
Specialist medical practitioners (number),Europe,Denmark,1983,3219
Specialist medical practitioners (number),Europe,Kazakhstan,1983,48756
Specialist medical practitioners (number),Europe,Portugal,1983,6346
Specialist medical practitioners (number),Europe,Austria,1983,7195
Specialist medical practitioners (number),Europe,Türkiye,1982,18699
Specialist medical practitioners (number),Europe,Denmark,1982,3066
Specialist medical practitioners (number),Europe,Kazakhstan,1982,45800
Specialist medical practitioners (number),Europe,Portugal,1982,6102
Specialist medical practitioners (number),Europe,Austria,1982,6989
Specialist medical practitioners (number),Europe,Türkiye,1981,17667
Specialist medical practitioners (number),Europe,Denmark,1981,2866
Specialist medical practitioners (number),Europe,Kazakhstan,1981,44280
Specialist medical practitioners (number),Europe,Portugal,1981,5686
Specialist medical practitioners (number),Europe,Austria,1981,6800
Specialist medical practitioners (number),Europe,Türkiye,1980,16699
Specialist medical practitioners (number),Europe,Finland,1980,2400
Specialist medical practitioners (number),Europe,Denmark,1980,2774
Specialist medical practitioners (number),Europe,Kazakhstan,1980,42480
Specialist medical practitioners (number),Europe,Portugal,1980,5497
Specialist medical practitioners (number),Europe,Austria,1980,6590
